"downloaded","item_id","item_definition","category","8","9","10","11","12","13","14","15","16"
2023-03-22,34,"آخ","sounds",0,0.05,0.06,0,0.09,0.29,0.4,0.75,0.75
2023-03-22,35,"اَخ/ اَه/ کخ/گخ","sounds",0.29,0.19,0.19,0.38,0.36,0.36,0.6,0.5,0.5
2023-03-22,36,"بَه بَه / م...م","sounds",0.29,0.52,0.5,0.54,0.64,0.86,0.73,0.75,0.75
2023-03-22,37,"بع بع","sounds",0,0.1,0.12,0.15,0.18,0.36,0.53,0.33,0.5
2023-03-22,38,"بیب بیب","sounds",0,0,0.06,0,0.18,0.14,0.2,0.25,0.5
2023-03-22,39,"پیف","sounds",0,0,0.06,0.08,0.09,0.29,0.33,0.33,0.75
2023-03-22,40,"جیز/اُخ/ اُخه","sounds",0,0.1,0.19,0.23,0.27,0.36,0.53,0.75,0.25
2023-03-22,41,"جیک جیک","sounds",0,0.05,0.06,0,0.09,0.14,0.07,0.25,0
2023-03-22,42,"میو میو","sounds",0,0.05,0.12,0,0.18,0.21,0.4,0.25,0.5
2023-03-22,43,"وای","sounds",0,0,0.06,0,0.18,0.14,0.47,0.25,0.25
2023-03-22,44,"هاپ هاپ","sounds",0,0.05,0.06,0.15,0.18,0.36,0.67,0.5,0.5
2023-03-22,45,"هوهو چی چی","sounds",0,0,0.06,0,0.09,0.14,0.2,0.17,0.5
2023-03-22,46,"آهو","animals",0,0,0,0,0,0,0,0.17,0
2023-03-22,47,"اسب","animals",0,0,0.06,0,0,0,0.13,0.08,0.25
2023-03-22,48,"الاغ","animals",0,0,0.06,0,0,0,0.07,0.08,0
2023-03-22,49,"بره","animals",0,0,0.06,0,0,0,0.27,0.17,0.5
2023-03-22,50,"پروانه","animals",0,0,0,0,0,0,0.07,0,0
2023-03-22,51,"پرنده/ توتو","animals",0,0,0.12,0.08,0.27,0.07,0.4,0.33,0.5
2023-03-22,52,"پنگوئن","animals",0,0,0,0,0,0,0,0,0
2023-03-22,53,"جوجه","animals",0,0,0.12,0,0,0,0.4,0.25,0.25
2023-03-22,54,"حشره","animals",0,0,0,0,0,0,0.13,0,0
2023-03-22,55,"خرس","animals",0,0,0,0,0,0,0,0.17,0
2023-03-22,56,"خرگوش","animals",0,0,0,0,0,0,0,0,0
2023-03-22,57,"خروس","animals",0,0,0.06,0,0.09,0,0.13,0.08,0
2023-03-22,58,"روباه","animals",0,0,0,0,0,0,0,0,0
2023-03-22,59,"زرافه","animals",0,0,0,0,0,0,0,0.08,0
2023-03-22,60,"زنبور","animals",0,0,0,0,0,0,0.13,0.17,0
2023-03-22,61,"سگ","animals",0,0,0.06,0,0,0,0.33,0.33,0.5
2023-03-22,62,"سنجاب","animals",0,0,0,0,0,0,0,0,0
2023-03-22,63,"شتر","animals",0,0,0,0,0,0,0,0.08,0
2023-03-22,64,"شیر","animals",0,0,0,0,0,0,0.07,0.08,0
2023-03-22,65,"غاز","animals",0,0,0,0,0,0,0.07,0.08,0
2023-03-22,66,"فیل","animals",0,0,0,0,0,0,0,0.08,0
2023-03-22,67,"قورباغه","animals",0,0,0,0,0,0,0.07,0.08,0.25
2023-03-22,68,"کبوتر","animals",0,0,0,0,0,0,0.13,0.08,0.25
2023-03-22,69,"کلاغ","animals",0,0,0.06,0,0,0,0.13,0.17,0.5
2023-03-22,70,"گاو","animals",0,0,0.06,0,0,0,0.13,0.08,0
2023-03-22,71,"گربه","animals",0,0,0.06,0,0.18,0,0.27,0.33,0.5
2023-03-22,72,"گنجشک","animals",0,0,0.06,0,0,0,0.2,0.17,0
2023-03-22,73,"گوسفند","animals",0,0,0.06,0,0.18,0,0.33,0.17,0.5
2023-03-22,74,"لاک پشت","animals",0,0,0,0,0,0,0,0.08,0
2023-03-22,75,"ماهی","animals",0,0,0.06,0,0,0,0.2,0.25,0.25
2023-03-22,76,"مار","animals",0,0,0,0,0,0,0,0.08,0
2023-03-22,77,"مرغ","animals",0,0,0.06,0,0,0,0.07,0.17,0
2023-03-22,78,"مگس","animals",0,0,0,0,0,0,0.13,0.08,0
2023-03-22,79,"مورچه","animals",0,0,0,0,0,0,0.13,0.08,0
2023-03-22,80,"موش","animals",0,0,0,0,0,0,0.07,0.08,0
2023-03-22,81,"میمون","animals",0,0,0,0,0,0,0.07,0,0
2023-03-22,82,"اتوبوس","vehicles",0,0,0.06,0,0,0,0.07,0.08,0.25
2023-03-22,83,"دوچرخه","vehicles",0,0,0.06,0,0,0,0.13,0.17,0.5
2023-03-22,84,"قطار","vehicles",0,0,0,0,0,0,0.07,0.17,0.25
2023-03-22,85,"کامیون","vehicles",0,0,0,0,0,0,0.07,0.08,0
2023-03-22,86,"کشتی / قایق","vehicles",0,0,0,0,0,0,0,0.08,0
2023-03-22,87,"ماشین","vehicles",0,0,0.06,0,0.09,0,0.27,0.25,0.5
2023-03-22,88,"موتور","vehicles",0,0,0.06,0,0.09,0.07,0.2,0.17,0.25
2023-03-22,89,"هلی کوپتر","vehicles",0,0,0,0,0,0,0.07,0,0
2023-03-22,90,"هواپیما","vehicles",0,0,0,0,0,0,0.07,0,0.25
2023-03-22,91,"اسباب بازی","toys",0,0,0.06,0,0,0.07,0.2,0.08,0.25
2023-03-22,92,"بادکنک","toys",0,0,0.06,0,0.09,0.07,0.2,0.08,0.5
2023-03-22,93,"تفنگ","toys",0,0,0.06,0,0,0,0.2,0.17,0
2023-03-22,94,"توپ","toys",0,0.1,0.06,0,0.18,0.21,0.53,0.25,0.5
2023-03-22,95,"جغجغه","toys",0,0.05,0.06,0,0.09,0,0.2,0,0
2023-03-22,96,"عروسک","toys",0,0,0.12,0.08,0.36,0.29,0.47,0.5,0.5
2023-03-22,97,"کتاب","toys",0,0,0.06,0,0,0,0.07,0.08,0
2023-03-22,98,"مکعب/ لگو","toys",0,0,0.06,0,0,0,0.07,0,0
2023-03-22,99,"آب","food_drink",0,0.48,0.5,0.38,0.73,0.5,0.8,0.67,0.5
2023-03-22,100,"آب میوه","food_drink",0,0,0.06,0,0.09,0.07,0.27,0.08,0
2023-03-22,101,"آب نبات/ شکلات","food_drink",0,0,0.06,0,0,0,0.13,0,0
2023-03-22,102,"آش","food_drink",0,0.05,0.06,0,0,0,0.07,0,0.25
2023-03-22,103,"برنج/ پلو","food_drink",0,0.05,0.06,0,0.09,0,0.13,0.08,0
2023-03-22,104,"بیسکویت","food_drink",0,0.1,0.06,0,0,0.07,0.2,0,0
2023-03-22,105,"بستنی","food_drink",0,0.1,0.12,0,0,0.07,0.13,0.08,0
2023-03-22,106,"پفک","food_drink",0,0,0.06,0,0,0,0.13,0,0
2023-03-22,107,"پنیر","food_drink",0,0,0.06,0,0,0,0,0,0
2023-03-22,108,"پرتقال","food_drink",0,0,0.06,0,0,0,0,0,0
2023-03-22,109,"تخم مرغ","food_drink",0,0,0.06,0,0,0,0.13,0.17,0
2023-03-22,110,"چای","food_drink",0,0.05,0.06,0,0.09,0,0.27,0.25,0.25
2023-03-22,111,"سوپ","food_drink",0,0,0.06,0,0,0,0.07,0.08,0.25
2023-03-22,112,"سیب","food_drink",0,0,0.06,0.08,0,0,0.2,0.08,0.25
2023-03-22,113,"شربت","food_drink",0,0.05,0.06,0.08,0,0,0.07,0,0
2023-03-22,114,"شیر","food_drink",0,0.05,0.06,0,0,0,0.2,0.08,0
2023-03-22,115,"شیرینی","food_drink",0,0,0.06,0,0,0,0,0,0
2023-03-22,116,"غذا","food_drink",0,0.05,0.06,0.08,0,0,0.13,0.08,0
2023-03-22,117,"قند","food_drink",0,0,0.06,0,0,0,0.2,0.08,0
2023-03-22,118,"کیک","food_drink",0,0,0.06,0,0,0,0.2,0.08,0
2023-03-22,119,"گردو","food_drink",0,0,0.06,0,0,0,0,0.08,0
2023-03-22,120,"گوشت","food_drink",0,0.05,0.06,0,0,0,0,0.08,0
2023-03-22,121,"ماهی","food_drink",0,0,0.06,0,0,0,0.07,0.08,0
2023-03-22,122,"ماکارونی","food_drink",0,0,0.06,0,0,0,0.07,0,0
2023-03-22,123,"مربا","food_drink",0,0,0.06,0,0,0,0,0,0
2023-03-22,124,"موز","food_drink",0,0,0.06,0,0,0,0.13,0.08,0.25
2023-03-22,125,"میوه","food_drink",0,0,0.06,0,0,0,0,0.08,0
2023-03-22,126,"نان","food_drink",0,0.05,0.06,0.08,0,0.07,0.27,0.17,0.25
2023-03-22,127,"نوشابه","food_drink",0,0,0.06,0,0.09,0,0.13,0.08,0
2023-03-22,128,"هویج","food_drink",0,0.05,0.06,0,0,0,0,0,0
2023-03-22,129,"بلوز","clothing",0,0,0.06,0,0,0,0.13,0,0.25
2023-03-22,130,"پوشک","clothing",0,0,0.06,0,0.09,0,0,0.08,0.25
2023-03-22,131,"پیش بند","clothing",0,0,0.06,0,0,0,0,0,0
2023-03-22,132,"پیراهن","clothing",0,0,0.06,0,0,0,0.07,0,0
2023-03-22,133,"تسبیح","clothing",0,0,0.06,0,0,0,0.07,0.08,0
2023-03-22,134,"جوراب","clothing",0,0,0.06,0,0,0,0.07,0.08,0.25
2023-03-22,135,"چادر","clothing",0,0,0.06,0,0,0,0.07,0,0
2023-03-22,136,"دکمه","clothing",0,0,0.06,0,0,0,0,0,0
2023-03-22,137,"دامن","clothing",0,0.05,0.06,0,0,0,0,0.08,0
2023-03-22,138,"دمپایی","clothing",0,0,0.06,0,0,0,0.27,0.08,0.25
2023-03-22,139,"دستکش","clothing",0,0,0.06,0,0,0,0,0.08,0
2023-03-22,140,"روسری","clothing",0,0.05,0.06,0,0,0,0.07,0,0.25
2023-03-22,141,"زیپ","clothing",0,0,0,0,0,0,0,0,0
2023-03-22,142,"شال","clothing",0,0,0,0,0,0,0,0,0
2023-03-22,143,"شلوار","clothing",0,0,0.06,0,0,0,0,0.08,0
2023-03-22,144,"شورت","clothing",0,0,0.06,0,0,0,0,0,0
2023-03-22,145,"کاپشن","clothing",0,0,0.06,0,0,0,0,0,0
2023-03-22,146,"کت","clothing",0,0,0.06,0,0,0,0,0.08,0
2023-03-22,147,"کفش","clothing",0,0,0.06,0,0,0,0.33,0.08,0
2023-03-22,148,"کلاه","clothing",0,0,0.06,0,0,0,0.07,0.08,0
2023-03-22,149,"لباس","clothing",0,0,0.06,0,0,0,0.07,0.08,0
2023-03-22,150,"مانتو","clothing",0,0,0,0,0,0,0,0,0
2023-03-22,151,"ابرو","body_parts",0,0,0.12,0,0.09,0,0.07,0.08,0
2023-03-22,152,"انگشت","body_parts",0,0,0.12,0,0,0,0.07,0.17,0
2023-03-22,153,"باسن","body_parts",0,0,0,0,0,0,0,0,0
2023-03-22,154,"بدن/ تن","body_parts",0,0,0.06,0,0,0,0.07,0,0
2023-03-22,155,"بینی","body_parts",0,0,0.06,0.08,0.09,0,0.13,0.08,0.25
2023-03-22,156,"پا","body_parts",0,0,0.12,0,0,0.14,0.27,0.08,0
2023-03-22,157,"چشم","body_parts",0,0,0.06,0.08,0.09,0,0.33,0.08,0.25
2023-03-22,158,"دست","body_parts",0,0.05,0.19,0.08,0.18,0.07,0.27,0.08,0.25
2023-03-22,159,"دندان","body_parts",0,0,0.06,0,0,0,0.2,0.08,0
2023-03-22,160,"دهان","body_parts",0,0,0.06,0,0,0,0.13,0.08,0
2023-03-22,161,"دل/ شکم","body_parts",0,0,0.06,0,0,0,0.07,0.08,0
2023-03-22,162,"زبان","body_parts",0,0,0.06,0,0,0,0.07,0.08,0
2023-03-22,163,"سر / کله","body_parts",0,0,0.06,0,0.09,0,0.07,0.08,0
2023-03-22,164,"صورت","body_parts",0,0,0.06,0,0,0,0.07,0.08,0
2023-03-22,165,"گوش","body_parts",0,0,0.12,0,0,0,0.2,0.08,0
2023-03-22,166,"لب","body_parts",0,0,0.06,0,0,0,0.13,0.08,0
2023-03-22,167,"لُپ","body_parts",0,0,0.06,0,0,0,0.13,0.08,0
2023-03-22,168,"مو","body_parts",0,0,0.06,0,0.09,0,0.33,0.08,0.25
2023-03-22,169,"ناخن","body_parts",0,0,0.06,0,0,0,0.07,0.08,0
2023-03-22,170,"ناف","body_parts",0,0,0.06,0,0,0,0.07,0.08,0.25
2023-03-22,171,"اتاق خواب","furniture_rooms",0,0,0.06,0,0,0,0,0.08,0
2023-03-22,172,"آشپزخانه","furniture_rooms",0,0,0.06,0,0,0,0.07,0,0.25
2023-03-22,173,"آینه","furniture_rooms",0,0,0.06,0,0,0,0,0.08,0.25
2023-03-22,174,"بالش","furniture_rooms",0,0,0.06,0,0,0,0.07,0.08,0.25
2023-03-22,175,"بخاری","furniture_rooms",0,0,0.06,0,0,0,0,0,0
2023-03-22,176,"پله/ راه پله","furniture_rooms",0,0,0.06,0,0,0,0,0,0
2023-03-22,177,"پرده","furniture_rooms",0,0,0.06,0,0,0,0,0,0
2023-03-22,178,"پنجره","furniture_rooms",0,0,0.06,0,0,0,0,0,0
2023-03-22,179,"ختخواب/رختخواب/تخت","furniture_rooms",0,0,0.06,0,0,0,0,0.08,0
2023-03-22,180,"تلویزیون","furniture_rooms",0,0,0.06,0,0,0,0,0,0
2023-03-22,181,"حمام","furniture_rooms",0,0,0.06,0,0,0,0.13,0.17,0
2023-03-22,182,"در","furniture_rooms",0,0,0.06,0,0.09,0,0.13,0.08,0.25
2023-03-22,183,"دیوار","furniture_rooms",0,0,0.06,0,0,0,0,0,0
2023-03-22,184,"دستشویی","furniture_rooms",0,0,0.06,0,0,0,0,0.08,0.25
2023-03-22,185,"شیر آب","furniture_rooms",0,0,0.06,0,0,0,0.07,0,0.25
2023-03-22,186,"صندلی","furniture_rooms",0,0,0.06,0,0,0,0,0,0
2023-03-22,187,"ضبط","furniture_rooms",0,0,0.06,0,0,0,0,0,0
2023-03-22,188,"فرش","furniture_rooms",0,0,0.06,0,0,0,0,0,0
2023-03-22,189,"کامپیوتر","furniture_rooms",0,0,0.06,0,0,0,0,0,0
2023-03-22,190,"کمد","furniture_rooms",0,0,0.06,0,0,0,0,0,0
2023-03-22,191,"گاز","furniture_rooms",0,0,0.06,0,0,0,0,0,0
2023-03-22,192,"گهواره","furniture_rooms",0,0,0.06,0,0,0,0,0.08,0
2023-03-22,193,"میز","furniture_rooms",0,0,0.06,0,0,0,0,0,0
2023-03-22,194,"یخچال","furniture_rooms",0,0,0.06,0,0,0,0,0,0
2023-03-22,195,"آشغال","household",0,0,0.06,0,0,0,0.13,0.08,0
2023-03-22,196,"بشقاب","household",0,0,0.06,0,0,0,0.07,0,0
2023-03-22,197,"پارچ","household",0,0,0.06,0,0,0,0,0.17,0
2023-03-22,198,"پتو","household",0,0,0.06,0,0,0,0,0,0
2023-03-22,199,"پستانک","household",0,0,0.06,0.08,0.09,0.07,0.13,0,0.25
2023-03-22,200,"پول","household",0,0,0.06,0,0,0.07,0.13,0,0.25
2023-03-22,201,"تشت/ لگن","household",0,0,0.06,0,0,0,0,0,0
2023-03-22,202,"تلفن","household",0,0,0.06,0.15,0.09,0.14,0.27,0.08,0.5
2023-03-22,203,"جارو/ جاروبرقی","household",0,0,0.06,0,0,0,0,0.08,0
2023-03-22,204,"جعبه","household",0,0,0.06,0,0,0,0,0,0
2023-03-22,205,"چاقو","household",0,0,0.06,0,0,0,0.07,0.08,0
2023-03-22,206,"چنگال","household",0,0,0.06,0,0,0,0,0,0
2023-03-22,207,"حوله","household",0,0,0.06,0,0,0,0.07,0,0
2023-03-22,208,"دارو/ دوا","household",0,0,0.06,0,0,0,0.07,0,0
2023-03-22,209,"ساعت","household",0,0,0.06,0,0.09,0,0.07,0.08,0
2023-03-22,210,"سطل","household",0,0,0.06,0,0,0,0,0,0
2023-03-22,211,"سفره","household",0,0,0.06,0,0,0,0,0,0
2023-03-22,212,"سینی","household",0,0,0.06,0,0,0,0,0,0
2023-03-22,213,"شانه","body_parts",0,0,0.06,0.08,0,0,0,0.08,0.25
2023-03-22,214,"شامپو","household",0,0,0.06,0,0,0,0,0,0
2023-03-22,215,"شیشه شیر","household",0,0,0.06,0,0,0,0.07,0,0.5
2023-03-22,216,"صابون","household",0,0,0.06,0,0,0,0,0,0
2023-03-22,217,"ظرف","household",0,0,0.06,0,0,0,0,0,0
2023-03-22,218,"عکس","household",0,0,0.06,0,0,0,0.07,0,0.25
2023-03-22,219,"عینک","household",0,0,0.06,0,0,0,0.07,0,0
2023-03-22,220,"فنجان","household",0,0,0.06,0,0,0,0.07,0,0
2023-03-22,221,"قاشق","household",0,0,0.06,0,0,0,0.13,0.08,0.25
2023-03-22,222,"قندان","household",0,0,0.06,0,0,0,0,0,0
2023-03-22,223,"قوری","household",0,0,0.06,0,0,0,0,0,0
2023-03-22,224,"کاسه","household",0,0,0.06,0,0,0,0,0,0
2023-03-22,225,"کلید","household",0,0,0.06,0.08,0,0,0,0,0
2023-03-22,226,"گل/ گلدان","household",0,0,0.06,0,0,0,0.07,0.17,0
2023-03-22,227,"لامپ/ چراغ","household",0,0,0.06,0,0,0,0,0.08,0
2023-03-22,228,"لیوان","household",0,0,0.06,0,0,0,0,0,0
2023-03-22,229,"مسواک","household",0,0,0.06,0,0,0,0,0,0
2023-03-22,230,"نمکدان","household",0,0,0.06,0,0,0,0,0,0.25
2023-03-22,231,"آتش","outside",0,0,0.06,0,0,0,0.33,0.08,0.25
2023-03-22,232,"آسمان","outside",0,0,0.06,0,0,0,0.07,0,0
2023-03-22,233,"الاکلنگ","outside",0,0,0.06,0,0,0,0.13,0,0
2023-03-22,234,"بازار","outside",0,0,0.06,0,0,0,0,0,0
2023-03-22,235,"باغ","outside",0,0,0.06,0,0,0,0,0,0
2023-03-22,236,"باران","outside",0,0,0.06,0,0,0,0,0,0
2023-03-22,237,"باغچه","outside",0,0,0.06,0,0,0,0,0,0
2023-03-22,238,"برف","outside",0,0,0.06,0,0,0,0.07,0,0
2023-03-22,239,"پارک","outside",0,0,0.06,0,0,0,0.13,0,0
2023-03-22,240,"پشت بام","outside",0,0,0,0,0,0,0,0,0
2023-03-22,241,"تاب","outside",0,0.05,0.06,0.08,0.09,0.14,0.4,0,0.5
2023-03-22,242,"چرخ و فلک","outside",0,0,0.06,0,0,0,0,0,0
2023-03-22,243,"حیاط","outside",0,0.05,0.06,0,0,0,0,0,0.25
2023-03-22,244,"خانه","outside",0,0.05,0,0,0,0,0.07,0,0
2023-03-22,245,"خورشید","outside",0,0,0,0,0,0,0,0,0
2023-03-22,246,"درخت","outside",0,0.05,0,0,0,0,0,0.17,0
2023-03-22,247,"زیر زمین","outside",0,0.05,0,0,0,0,0,0,0
2023-03-22,248,"ساحل","outside",0,0,0,0,0,0,0,0,0
2023-03-22,249,"ستاره","outside",0,0,0,0,0,0,0.07,0.08,0
2023-03-22,250,"سرسره","outside",0,0,0.06,0.08,0,0,0.2,0.08,0.25
2023-03-22,251,"شهربازی","outside",0,0,0.06,0,0,0,0.07,0,0
2023-03-22,252,"فروشگاه/دکان/مغازه","outside",0,0.05,0.06,0,0,0,0.13,0,0
2023-03-22,253,"کوچه","outside",0,0,0.06,0,0,0,0.2,0,0
2023-03-22,254,"کوه","outside",0,0,0,0,0,0,0,0,0
2023-03-22,255,"ماه","outside",0,0,0,0,0,0,0.13,0,0.25
2023-03-22,256,"مدرسه","outside",0,0,0,0,0,0,0,0,0
2023-03-22,257,"مسجد","outside",0,0,0.06,0,0,0,0,0,0
2023-03-22,258,"أقا/ مرد","people",0,0.1,0,0,0.18,0.29,0.07,0,0.25
2023-03-22,259,"آدم/ آدمها","people",0,0,0,0,0,0,0,0,0
2023-03-22,260,"اسم خودکودک","people",0,0.05,0.06,0,0,0,0.13,0,0.25
2023-03-22,261,"بابا *","people",0.29,0.52,0.31,0.31,0.55,0.57,0.6,0.67,0.5
2023-03-22,262,"برادر / داداش *","people",0,0.1,0.06,0.08,0.27,0.29,0.4,0.25,0
2023-03-22,263,"بچه","people",0,0.05,0,0,0.09,0.07,0.33,0.08,0.25
2023-03-22,264,"پسر","people",0,0.05,0,0,0,0,0,0,0
2023-03-22,265,"پدربزرگ*","people",0,0.1,0.06,0,0.27,0,0.4,0.33,0.25
2023-03-22,266,"خاله","people",0,0,0.06,0,0.09,0.07,0.2,0.08,0
2023-03-22,267,"خانم/ زن","people",0,0,0,0,0,0,0,0,0
2023-03-22,268,"خواهر/ آجی/آبجی","people",0,0.05,0.19,0,0,0.14,0.13,0.17,0.25
2023-03-22,269,"دایی","people",0,0.1,0.06,0.08,0.09,0.21,0.4,0.25,0.5
2023-03-22,270,"دختر","people",0,0,0,0,0,0,0,0,0
2023-03-22,271,"شوهر","people",0,0.05,0,0,0,0,0,0,0
2023-03-22,272,"عمه","people",0,0.1,0.12,0,0.18,0.14,0.53,0.5,0.25
2023-03-22,273,"عمو","people",0,0,0.06,0,0,0,0.33,0.33,0.25
2023-03-22,274,"مامان","people",0.29,0.38,0.25,0.31,0.09,0.5,0.53,0.58,0.5
2023-03-22,275,"مادربزرگ*","people",0,0.05,0.06,0,0.09,0,0.47,0.33,0.25
2023-03-22,276,"نوه","people",0,0,0.06,0,0,0,0.07,0,0.25
2023-03-22,277,"نی نی/ بِه بِه","people",0,0.1,0.19,0.15,0.18,0.21,0.53,0.33,0.25
2023-03-22,278,"اتل متل توتوله","games_routines",0,0,0,0.08,0.18,0.07,0.27,0.25,0.5
2023-03-22,279,"بله","games_routines",0,0,0.06,0,0,0.29,0.4,0.42,0.5
2023-03-22,280,"جیش","games_routines",0,0.05,0.12,0,0.09,0.14,0.33,0.33,0.5
2023-03-22,281,"چُرت/خواب/لالا","games_routines",0,0.1,0.12,0,0,0.21,0.33,0.33,0.5
2023-03-22,282,"حمام کردن","games_routines",0,0.05,0.12,0.08,0,0.07,0.33,0.25,0
2023-03-22,283,"خداحافظی","games_routines",0,0.1,0.12,0.23,0.27,0.29,0.47,0.42,0.5
2023-03-22,284,"کلاغ پَر","games_routines",0,0.05,0.06,0,0.27,0.36,0.13,0.42,0.75
2023-03-22,285,"دالّی/ داکّی","games_routines",0.14,0.19,0.19,0.38,0.55,0.5,0.47,0.5,0.5
2023-03-22,286,"سلام","games_routines",0,0.1,0.06,0,0.18,0.14,0.27,0.17,0.25
2023-03-22,287,"شام","games_routines",0,0,0.06,0,0,0,0.2,0,0
2023-03-22,288,"شب بخیر","games_routines",0,0.05,0.06,0,0,0,0.13,0,0
2023-03-22,289,"صبحانه","games_routines",0,0,0.06,0,0,0,0.07,0,0
2023-03-22,290,"صبر کردن(وایسا)","games_routines",0,0,0.06,0,0,0,0.13,0,0.25
2023-03-22,291,"لی لی حوضک","games_routines",0,0,0.06,0.08,0,0.07,0.07,0.17,0.5
2023-03-22,292,"مرسی/ممنون/متشکرم","games_routines",0,0,0.06,0,0,0,0.07,0,0.5
2023-03-22,293,"می خوام","games_routines",0,0.05,0.06,0,0,0.14,0.27,0.25,0.5
2023-03-22,294,"ناهار","games_routines",0,0,0.06,0,0,0.07,0,0,0
2023-03-22,295,"نه","games_routines",0,0.05,0.12,0.08,0.09,0.36,0.4,0.58,0.5
2023-03-22,296,"هیس/ ش","games_routines",0,0.05,0.06,0.08,0,0.36,0.33,0.5,0.25
2023-03-22,297,"آمدن","action_words",0,0,0,0,0,0,0.2,0.08,0
2023-03-22,298,"آوردن","action_words",0,0,0,0,0,0,0.13,0.08,0
2023-03-22,299,"آشتی کردن","action_words",0,0,0,0,0,0,0,0,0
2023-03-22,300,"افتادن","action_words",0,0,0.06,0,0,0,0.27,0.17,0
2023-03-22,301,"ایستادن","action_words",0,0.05,0.06,0,0,0,0.13,0.08,0
2023-03-22,302,"باز کردن","action_words",0,0.05,0.06,0,0,0,0.2,0.08,0.25
2023-03-22,303,"بازی کردن","action_words",0,0.05,0.06,0.08,0,0,0.2,0.17,0
2023-03-22,304,"بردن","action_words",0,0,0.06,0,0,0,0.13,0.08,0
2023-03-22,305,"بستن","action_words",0,0,0.06,0.08,0,0.07,0.13,0.17,0
2023-03-22,306,"بوسیدن","action_words",0,0,0.06,0,0,0.14,0.2,0.17,0.25
2023-03-22,307,"پختن","action_words",0,0,0,0,0,0,0,0,0
2023-03-22,308,"پرت کردن","action_words",0,0.05,0.06,0.08,0,0.07,0.13,0.08,0.25
2023-03-22,309,"پریدن","action_words",0,0,0.06,0,0,0,0.13,0,0
2023-03-22,310,"تاب خوردن","action_words",0,0.05,0.06,0,0.09,0.21,0.33,0.17,0
2023-03-22,311,"تکان دادن","action_words",0,0.05,0.06,0.08,0,0.07,0.13,0.17,0
2023-03-22,312,"تمیزکردن/پاک کردن","action_words",0,0,0.06,0,0,0.14,0.2,0.17,0
2023-03-22,313,"ترسیدن","action_words",0,0.05,0,0.08,0,0,0.07,0.08,0.5
2023-03-22,314,"جیغ کشیدن","action_words",0.14,0.14,0.06,0.08,0.09,0.29,0.27,0.17,0.25
2023-03-22,315,"شانه کردن","action_words",0,0,0,0.08,0,0.07,0.27,0.17,0
2023-03-22,316,"خاموش کردن","action_words",0,0,0.06,0,0,0.07,0.13,0.08,0.25
2023-03-22,317,"خجالت کشیدن","action_words",0,0,0,0.15,0,0,0.13,0.08,0
2023-03-22,318,"خندیدن","action_words",0.14,0.14,0.06,0.23,0,0.07,0.2,0.17,0.25
2023-03-22,319,"خوردن","action_words",0,0.1,0.06,0.15,0,0.07,0.2,0.17,0.25
2023-03-22,320,"خوردن (اصابت کردن)","action_words",0,0,0.06,0,0,0.07,0.13,0,0.25
2023-03-22,321,"خواندن","action_words",0,0,0.06,0,0,0,0.13,0.17,0
2023-03-22,322,"خوابیدن","action_words",0,0,0.06,0.08,0,0.07,0.13,0.33,0.25
2023-03-22,323,"درد گرفتن","action_words",0,0.05,0.06,0.15,0,0.14,0.13,0.17,0.25
2023-03-22,324,"دعا کردن","action_words",0,0,0.06,0,0,0,0.13,0.25,0
2023-03-22,325,"دویدن","action_words",0,0,0.06,0,0,0,0.13,0.17,0
2023-03-22,326,"دوست داشتن","action_words",0,0,0.06,0,0,0,0.07,0.17,0
2023-03-22,327,"دیدن/نگاه کردن","action_words",0,0.05,0.06,0,0,0.07,0.13,0.25,0
2023-03-22,328,"رانندگی کردن","action_words",0,0,0.06,0.08,0,0,0.13,0.08,0
2023-03-22,329,"راه رفتن","action_words",0,0.05,0.06,0,0.09,0.14,0.2,0.17,0
2023-03-22,330,"رفتن","action_words",0,0,0.06,0,0.09,0.07,0.2,0.25,0
2023-03-22,331,"زمین خوردن","action_words",0,0,0.06,0.08,0,0.07,0.13,0.17,0
2023-03-22,332,"سلام کردن","action_words",0,0,0.06,0,0,0.07,0.2,0.08,0.25
2023-03-22,333,"سینه زدن","action_words",0,0.05,0.06,0,0,0.14,0.07,0.17,0.25
2023-03-22,334,"شناکردن","action_words",0,0,0,0,0,0,0.07,0.08,0
2023-03-22,335,"طبل زدن/ضربه زدن/کوبیدن","action_words",0,0.05,0.06,0.15,0,0.14,0.13,0.17,0.5
2023-03-22,336,"غذا دادن","action_words",0,0.05,0.06,0,0,0.07,0.13,0.25,0.5
2023-03-22,337,"قلقلک دادن","action_words",0,0,0.06,0,0,0,0.13,0.08,0
2023-03-22,338,"فوت کردن","action_words",0,0,0.06,0.08,0,0.21,0.13,0.42,0.5
2023-03-22,339,"قصه گفتن","action_words",0,0,0.06,0,0,0,0.07,0.08,0
2023-03-22,340,"کتک زدن","action_words",0,0,0.06,0,0.09,0.14,0.13,0.25,0
2023-03-22,341,"کشیدن","action_words",0,0,0,0.08,0.09,0.07,0.13,0.17,0
2023-03-22,342,"کمک کردن","action_words",0,0,0.06,0,0,0,0.13,0.17,0.25
2023-03-22,343,"گاز گرفتن","action_words",0,0.05,0.06,0.15,0.09,0.14,0.13,0.33,0
2023-03-22,344,"گریه کردن","action_words",0,0.1,0.06,0.23,0.09,0.14,0.13,0.33,0.5
2023-03-22,345,"لج کردن/قهر کردن","action_words",0,0,0.06,0.15,0.09,0.07,0.2,0.17,0.5
2023-03-22,346,"لگد زدن","action_words",0,0,0.06,0.08,0,0.07,0.07,0.17,0
2023-03-22,347,"لمس کردن/ دست زدن","action_words",0,0.05,0.06,0.15,0,0.14,0.2,0.25,0.5
2023-03-22,348,"نانای کردن/ رقصیدن","action_words",0,0.1,0.06,0.23,0.18,0.21,0.27,0.33,0.75
2023-03-22,349,"نقاشی کردن","action_words",0,0,0.06,0,0,0.14,0.07,0.17,0.25
2023-03-22,350,"نمازخواندن","action_words",0,0.05,0.06,0,0,0.14,0.27,0.25,0.5
2023-03-22,351,"نوشتن","action_words",0,0,0.06,0,0,0.07,0.07,0.17,0
2023-03-22,352,"امروز","time_words",0,0,0,0,0,0,0,0,0
2023-03-22,353,"امشب","time_words",0,0,0,0,0,0,0,0,0
2023-03-22,354,"بعداً","time_words",0,0,0,0,0,0,0,0,0
2023-03-22,355,"حالا","time_words",0,0,0,0,0,0,0,0,0
2023-03-22,356,"روز","time_words",0,0,0,0,0,0,0,0,0
2023-03-22,357,"شب","time_words",0,0,0,0,0,0,0,0,0
2023-03-22,358,"صبح","time_words",0,0,0,0,0,0,0,0,0
2023-03-22,359,"فردا","time_words",0,0,0,0,0,0,0,0,0
2023-03-22,360,"باز","descriptive_words",0,0,0.06,0,0,0,0.07,0.08,0.25
2023-03-22,361,"بد","descriptive_words",0,0,0.06,0,0.09,0.07,0.33,0.08,0
2023-03-22,362,"بداخلاق","descriptive_words",0,0,0,0,0,0,0.07,0,0
2023-03-22,363,"بزرگ","descriptive_words",0,0,0.06,0,0,0,0,0,0
2023-03-22,364,"بسته","descriptive_words",0,0,0.06,0,0,0,0.13,0,0
2023-03-22,365,"پُر","descriptive_words",0,0,0.06,0,0,0,0,0,0
2023-03-22,366,"تاریک","descriptive_words",0,0,0.06,0,0,0,0.07,0,0
2023-03-22,367,"تر / خیس","descriptive_words",0,0,0.06,0,0,0,0.07,0.08,0
2023-03-22,368,"تشنه","descriptive_words",0,0.05,0.06,0.08,0,0,0.27,0.17,0
2023-03-22,369,"تمییز","descriptive_words",0,0,0.06,0,0,0,0.07,0.08,0
2023-03-22,370,"تند/زود/سریع","descriptive_words",0,0,0.06,0,0,0,0.07,0,0
2023-03-22,371,"چاق","descriptive_words",0,0,0,0,0,0,0,0,0
2023-03-22,372,"خالی","descriptive_words",0,0,0.06,0,0,0,0.2,0,0
2023-03-22,373,"خاموش","descriptive_words",0,0,0.06,0,0,0,0.07,0.08,0.25
2023-03-22,374,"خراب","descriptive_words",0,0,0.06,0,0,0,0,0.08,0
2023-03-22,375,"خسته","descriptive_words",0,0,0,0,0,0,0,0,0
2023-03-22,376,"خشک","descriptive_words",0,0,0.06,0,0,0,0,0,0
2023-03-22,377,"خوب","descriptive_words",0,0,0,0,0,0,0,0,0
2023-03-22,378,"خوشمزه","descriptive_words",0,0.05,0,0,0,0,0.07,0.08,0
2023-03-22,379,"خوشحال","descriptive_words",0,0.05,0,0,0,0,0.07,0.08,0
2023-03-22,380,"خوش اخلاق","descriptive_words",0,0,0,0,0,0,0.07,0,0
2023-03-22,381,"داغ","descriptive_words",0,0,0.12,0.08,0,0.07,0.27,0.25,0.5
2023-03-22,382,"روشن","descriptive_words",0,0,0.06,0,0,0,0,0.08,0.25
2023-03-22,383,"زیاد","quantifiers",0,0,0.06,0,0,0,0,0.08,0
2023-03-22,384,"سخت/سفت","descriptive_words",0,0,0,0,0,0,0.07,0,0
2023-03-22,385,"سرد","descriptive_words",0,0,0.06,0,0,0.07,0.2,0.08,0.25
2023-03-22,386,"سیر","descriptive_words",0,0,0.06,0,0,0,0,0.08,0
2023-03-22,387,"شیطان","descriptive_words",0,0,0.06,0,0,0,0,0,0
2023-03-22,388,"کثیف","descriptive_words",0,0,0.06,0,0,0,0.13,0.08,0
2023-03-22,389,"کوچک","descriptive_words",0,0,0.06,0,0,0,0,0,0
2023-03-22,390,"کم","descriptive_words",0,0,0.06,0,0,0,0,0,0
2023-03-22,391,"گرسنه","descriptive_words",0,0,0.06,0,0,0,0.2,0,0
2023-03-22,392,"لاغر","descriptive_words",0,0,0,0,0,0,0,0,0
2023-03-22,393,"مریض","descriptive_words",0,0,0.06,0,0,0,0,0.08,0
2023-03-22,394,"ناز/قشنگ","descriptive_words",0,0,0.06,0,0,0,0.07,0.08,0
2023-03-22,395,"ناراحت","descriptive_words",0,0,0,0,0,0,0.07,0.08,0
2023-03-22,396,"یواش/آهسته","descriptive_words",0,0,0.06,0,0,0,0.13,0.08,0.25
2023-03-22,397,"آن","pronouns",0,0,0,0,0.09,0,0.07,0.17,0.25
2023-03-22,398,"این","pronouns",0,0,0.06,0,0.18,0.07,0.2,0.33,0.25
2023-03-22,399,"آنها","pronouns",0,0,0,0,0,0,0.13,0,0.25
2023-03-22,400,"اینها","pronouns",0,0,0.06,0,0,0,0,0,0
2023-03-22,401,"او","pronouns",0,0,0,0,0.09,0,0.07,0.08,0
2023-03-22,402,"تو","pronouns",0,0,0.06,0,0,0,0.07,0,0
2023-03-22,403,"شما","pronouns",0,0,0,0,0,0,0,0,0
2023-03-22,404,"من","pronouns",0,0,0.06,0.08,0.09,0,0.33,0.33,0
2023-03-22,405,"ما","pronouns",0,0,0.06,0,0,0,0,0,0
2023-03-22,406,"مالِ من/ منِ","pronouns",0,0,0.06,0.08,0.09,0,0.4,0.25,0.25
2023-03-22,407,"مال تو/ توئه","pronouns",0,0,0.06,0,0,0,0,0.08,0
2023-03-22,408,"مال اون/ اونه","pronouns",0,0,0.06,0,0,0,0,0,0
2023-03-22,409,"چرا","question_words",0,0,0,0,0,0,0,0,0
2023-03-22,410,"چطوری/چگونه/ چه جوری","question_words",0,0,0,0,0,0,0,0.08,0
2023-03-22,411,"چی","question_words",0,0,0.12,0,0.18,0.14,0.07,0.25,0.25
2023-03-22,412,"کِی","question_words",0,0,0.19,0.08,0.09,0.07,0.07,0,0.25
2023-03-22,413,"کی(چه کسی)","question_words",0,0,0.06,0.08,0.09,0,0,0.17,0
2023-03-22,414,"کجا/ کو","question_words",0,0.05,0.06,0.08,0.18,0.07,0.2,0.17,0
2023-03-22,415,"آنجا","locations",0,0,0.06,0,0.09,0,0.13,0.08,0
2023-03-22,416,"بالا","locations",0,0,0.06,0,0,0,0.2,0.17,0
2023-03-22,417,"بیرون/ خارج","locations",0,0,0.06,0,0,0,0.07,0,0.25
2023-03-22,418,"پائین","locations",0,0,0.06,0,0,0,0.13,0.08,0
2023-03-22,419,"جلو","locations",0,0,0.06,0,0,0,0.07,0,0
2023-03-22,420,"داخل/ دَر/ توی","locations",0,0,0.06,0,0,0,0.07,0.08,0
2023-03-22,421,"دور","locations",0,0,0.06,0,0,0,0,0,0
2023-03-22,422,"روی","locations",0,0,0.06,0,0,0,0,0,0
2023-03-22,423,"زیر","locations",0,0,0.06,0,0,0,0,0,0
2023-03-22,424,"عقب / پشت","locations",0,0,0.06,0,0,0,0.07,0,0
2023-03-22,425,"کنار","locations",0,0,0.06,0,0,0,0.07,0,0
2023-03-22,426,"بیشتر","quantifiers",0,0,0.06,0,0,0,0,0,0
2023-03-22,427,"خیلی","quantifiers",0,0,0.06,0,0,0,0,0,0
2023-03-22,428,"همان قدر","quantifiers",0,0,0.06,0,0,0,0,0,0
2023-03-22,429,"هیچکدام","quantifiers",0,0,0.06,0,0,0,0,0,0
2023-03-22,430,"هیچی(نه)","quantifiers",0,0,0.06,0,0,0,0.07,0,0
2023-03-22,431,"یکی","quantifiers",0,0,0.06,0,0,0,0.13,0,0
2023-03-22,432,"همه","quantifiers",0,0,0.06,0,0,0,0,0,0.25
2023-03-22,433,"یه کمی/مقداری/ یه کم دیگه","quantifiers",0,0,0,0,0,0,0,0,0
