"downloaded","item_id","item_definition","category","17","18","20","21","22","23","24","25","26","27","28","29","30"
2023-03-22,1,"اخ-وای","sounds",1,0.8,0.67,1,1,1,0.9,1,1,1,0.78,1,1
2023-03-22,2,"اه-اخ","sounds",1,0.8,0.67,1,1,1,0.7,1,0.83,0.6,0.78,1,0.5
2023-03-22,3,"صداي اژير (ب، بو)","sounds",0,0.2,0.33,0,1,1,0.6,0.33,0.5,0.4,0.22,1,0.5
2023-03-22,4,"صداي اسب","sounds",0,0.6,0.67,0,0,1,0.5,0.33,0.83,0.8,0.67,1,1
2023-03-22,5,"صداي اردك","sounds",0,0,0.33,1,0,0.67,0.1,0.33,0.5,0.2,0.22,1,0.5
2023-03-22,6,"صدای تفنگ (بنگ،بنگ)","sounds",0,0,0.33,0,0,0.67,0.3,0.67,0.5,0.8,0.67,1,1
2023-03-22,7,"صداي جوجه ( جيك،جيك)","sounds",1,0.6,0.67,1,1,1,0.9,1,1,0.8,0.78,1,1
2023-03-22,8,"صداي خروس ( قوقولي قوقو)","sounds",0,0,0.33,0,1,0.33,0.7,0.67,1,0.8,0.67,1,1
2023-03-22,9,"صداي سگ (هاپ،هاپ)","sounds",1,1,1,1,1,0.67,0.9,0.67,1,0.8,0.89,1,1
2023-03-22,10,"صداي قطار (هو هو چي چي)","sounds",0,0.4,0.33,0,1,0.67,0.5,0.33,0.5,0.6,0.56,1,1
2023-03-22,11,"صداي كلاغ ( قار قار)","sounds",1,0.8,0.67,1,1,1,0.8,1,1,0.8,0.78,1,1
2023-03-22,12,"صداي گربه ( ميو ميو)","sounds",0,0.6,0.67,1,0,1,0.8,1,0.83,0.8,0.89,1,1
2023-03-22,13,"صداي گوسفند (بع بع)","sounds",1,1,0.67,1,1,1,0.7,0.67,1,0.8,0.89,1,1
2023-03-22,14,"صداي ماشين (ام/بيب، بيب)","sounds",1,0.6,0.67,1,1,1,0.8,1,0.83,1,0.56,1,1
2023-03-22,15,"صدای موتور","sounds",0,0.2,0.33,0,0,0.67,0.4,0.67,0.33,0.6,0.44,1,1
2023-03-22,16,"اتوبوس","vehicles",0,0.2,0.33,0,0,0.67,0.5,0.67,0.5,0.4,0.67,1,0.5
2023-03-22,17,"تراکتور","vehicles",0,0,0.33,0,0,0.67,0.1,0,0.33,0,0,0,0
2023-03-22,18,"دوچرخه (چرخ)","vehicles",1,0.4,0.33,0,1,0.67,0.5,0.33,0.5,0.8,0.78,1,0.5
2023-03-22,19,"سهچرخه","vehicles",0,0.2,0,0,0,0.33,0,0.33,0.33,0.2,0,0,0
2023-03-22,20,"قایق","vehicles",0,0.2,0.33,0,0,0.33,0.2,0.33,0.33,0.4,0.22,1,0.5
2023-03-22,21,"قطار","vehicles",0,0,0,0,0,0.67,0.5,0,0.5,0.6,0.56,0,1
2023-03-22,22,"کامیون","vehicles",0,0,0,0,0,0.67,0.2,0,0.33,0.4,0.11,0,0.5
2023-03-22,23,"ماشین","vehicles",0,0.2,0,0,0,0.33,0,0,0.33,0.2,0.22,0,0
2023-03-22,24,"موتور","vehicles",0,0.2,0.67,0,1,1,0.8,0.33,0.67,1,0.78,1,1
2023-03-22,25,"مینی بوس","vehicles",1,0.2,0.67,1,1,1,0.9,1,1,1,1,1,1
2023-03-22,26,"هلی کوپتر","vehicles",0,0,0.33,0,0,0.67,0.1,0,0.33,0.2,0.22,0,0
2023-03-22,27,"هواپیما","vehicles",0,0.2,0,0,0,0.67,0.1,0,0.17,0.2,0,0,0
2023-03-22,28,"کشتی","vehicles",0,0.2,0.33,0,0,1,0.8,0.67,0.67,0.8,0.78,1,1
2023-03-22,29,"اب","food_drink",1,1,1,1,1,1,1,1,1,1,1,1,1
2023-03-22,30,"ابگوشت","food_drink",0,0,1,0,1,1,0.2,1,0.5,0.4,0.44,1,1
2023-03-22,31,"اب میوه) ساندیس)","food_drink",0,0.2,0.33,0,0,1,0.5,1,0.5,0.8,0.56,1,1
2023-03-22,32,"اب نبات","food_drink",0,0.2,0.33,0,0,1,0.3,1,0.67,0.4,0.33,0,1
2023-03-22,33,"اجیل","food_drink",0,0,0.33,0,0,0.67,0.4,0.67,0.33,0.6,0.22,0,0
2023-03-22,34,"ادامس","food_drink",0,0.4,1,0,0,0.67,0.8,1,0.83,0.8,0.67,1,1
2023-03-22,35,"اش","food_drink",0,0,1,0,1,1,0.7,1,0.83,0.6,0.78,1,1
2023-03-22,36,"البالو","food_drink",0,0,0.67,0,0,0.67,0.3,1,0.67,0.4,0.67,0,1
2023-03-22,37,"انار","food_drink",0,0.4,0.33,0,1,1,0.6,1,0.83,0.8,1,0,1
2023-03-22,38,"انگور","food_drink",0,0.2,0.33,0,0,1,0.5,1,0.67,1,0.67,1,1
2023-03-22,39,"بادام","food_drink",0,0,0.33,0,0,1,0.6,0.67,0.83,0.8,0.67,0,1
2023-03-22,40,"برنج","food_drink",0,0.6,0.67,0,1,1,0.8,1,0.67,1,0.67,1,1
2023-03-22,41,"بستنی","food_drink",0,0.4,1,0,1,1,0.9,1,1,0.8,1,1,1
2023-03-22,42,"بلال","food_drink",0,0,0,0,0,0.67,0.1,0.67,0.33,0.4,0.33,1,1
2023-03-22,43,"بیسکویت","food_drink",0,0.2,1,0,0,1,0.9,1,0.83,1,0.89,1,1
2023-03-22,44,"پرتقال","food_drink",0,0.4,1,0,0,1,0.8,1,1,1,0.89,1,1
2023-03-22,45,"پسته","food_drink",0,0,0.33,0,1,1,0.8,1,1,0.8,0.89,1,1
2023-03-22,46,"پفک","food_drink",0,0.2,0.67,0,1,0.67,0.7,0.67,0.67,0.8,0.78,1,1
2023-03-22,47,"پلو","food_drink",0,0,0.33,0,0,0.67,0.2,0.67,0.5,0.4,0.33,0,0
2023-03-22,48,"پنیر","food_drink",0,0.2,1,0,1,1,0.7,0.67,0.83,1,0.78,1,1
2023-03-22,49,"پیاز","food_drink",0,0.2,0.67,0,1,0.67,0.6,0.67,1,0.6,0.78,1,1
2023-03-22,50,"پیتزا","food_drink",0,0,0.33,0,0,0.67,0.4,0.33,0.5,0.4,0.33,0,1
2023-03-22,51,"تخممرغ","food_drink",0,0.2,1,0,1,0.67,0.4,1,0.83,1,0.78,1,1
2023-03-22,52,"تن ماهی","food_drink",0,0,0,0,0,0.33,0.1,0.33,0.33,0.2,0.22,0,0.5
2023-03-22,53,"توت","food_drink",0,0.4,0.67,0,0,1,0.6,0.67,0.83,0.6,0.67,1,1
2023-03-22,54,"چای","food_drink",0,0.4,1,1,1,1,1,0.67,1,1,1,1,1
2023-03-22,55,"چوب شور","food_drink",0,0.2,0.33,0,0,0.33,0.3,0.33,0.5,0.4,0.44,0,0.5
2023-03-22,56,"چیپس","food_drink",0,0.2,1,0,1,1,0.6,0.33,0.83,0.6,0.67,1,1
2023-03-22,57,"خربزه","food_drink",0,0.2,0.33,0,0,1,0.3,0.67,0.17,0.4,0.33,1,1
2023-03-22,58,"خورش","food_drink",0,0,0.33,0,0,0.67,0.1,1,0.33,0.2,0.33,0,1
2023-03-22,59,"خیار","food_drink",0,0,1,0,1,1,0.7,1,1,0.8,0.89,1,1
2023-03-22,60,"رب","food_drink",0,0,0,0,0,0.67,0.5,1,0.5,0.4,0.78,1,1
2023-03-22,61,"دوغ","food_drink",1,0.4,1,0,1,1,0.9,1,1,0.8,1,0,1
2023-03-22,62,"ساندویچ","food_drink",0,0,0.33,0,0,0.67,0.2,0.67,0.5,0.4,0.33,0,1
2023-03-22,63,"سبزی","food_drink",0,0,0.67,0,1,1,0.5,1,0.83,0.6,0.67,1,1
2023-03-22,64,"سس","food_drink",0,0,0.67,0,0,0.67,0.7,1,0.67,0.6,0.89,1,1
2023-03-22,65,"سوپ","food_drink",0,0.2,0.67,0,0,1,0.5,1,0.67,0.8,0.56,0,1
2023-03-22,66,"سوسیس","food_drink",0,0,0.67,0,0,0.67,0.1,0.67,0.33,0.4,0.11,0,0.5
2023-03-22,67,"سیب","food_drink",1,0.6,1,0,1,1,1,1,1,1,0.89,1,1
2023-03-22,68,"سیب زمینی","food_drink",0,0.2,0.33,0,0,1,0.5,0.67,0.83,0.8,0.44,1,1
2023-03-22,69,"شربت","food_drink",0,0,0.33,0,1,1,0.5,1,1,0.6,0.56,0,1
2023-03-22,70,"شکلات","food_drink",0,0.2,0.67,0,0,1,0.6,1,1,1,0.89,1,1
2023-03-22,71,"شیر (خوراکی)","food_drink",1,0.6,0.33,0,1,1,0.9,1,1,1,0.89,1,1
2023-03-22,72,"شیرینی","food_drink",0,0,0.33,0,0,1,0.6,1,0.67,0.6,0.78,1,1
2023-03-22,73,"غذا","food_drink",1,0.6,1,1,1,1,0.7,1,1,0.6,1,1,1
2023-03-22,74,"فلفل","food_drink",0,0.2,0,0,0,0.33,0.2,0.33,0.83,0.2,0.33,1,1
2023-03-22,75,"فندق","food_drink",0,0,0,0,0,0.67,0.1,0.33,0.33,0.2,0.22,0,1
2023-03-22,76,"قارچ","food_drink",0,0,0,0,0,1,0.1,0.33,0.5,0.2,0.44,0,1
2023-03-22,77,"قند","food_drink",0,0.4,1,0,1,1,0.4,0.67,1,1,0.89,1,1
2023-03-22,78,"کاکائو","food_drink",0,0.2,0.33,0,0,0.67,0.3,0.67,0.67,0.6,0.67,1,1
2023-03-22,79,"کالباس","food_drink",0,0,0.33,0,0,0.33,0.1,0.33,0.33,0.4,0.22,0,0.5
2023-03-22,80,"کره","food_drink",0,0,0.67,0,1,1,0.7,1,0.83,0.6,0.89,1,1
2023-03-22,81,"کباب","food_drink",0,0.2,0.67,0,0,1,0.6,0.67,0.67,0.4,0.56,1,0.5
2023-03-22,82,"کشمش","food_drink",0,0.2,0.67,0,0,0.67,0.5,0.33,0.83,0.6,0.22,0,1
2023-03-22,83,"کیک","food_drink",0,0.4,0.67,0,1,1,0.7,1,0.83,1,0.78,1,1
2023-03-22,84,"کیوی","food_drink",0,0.4,0.33,0,1,1,0.3,1,0.83,0.8,0.67,0,1
2023-03-22,85,"گردو","food_drink",0,0.4,0.33,0,0,1,0.5,1,0.83,0.6,0.56,0,1
2023-03-22,86,"گوشت","food_drink",0,0.2,1,0,0,1,0.5,1,0.83,0.6,0.67,1,1
2023-03-22,87,"گوجه","food_drink",0,0.4,0.67,0,1,1,0.6,1,1,0.8,0.56,1,1
2023-03-22,88,"گیلاس","food_drink",0,0,0.67,0,0,1,0.3,1,0.5,0.2,0.33,0,1
2023-03-22,89,"لوبیا","food_drink",0,0,0.33,0,0,0.67,0.3,0.67,0.67,0.4,0.56,0,0.5
2023-03-22,90,"لیمو","food_drink",0,0,0,0,0,0.33,0.4,1,0.67,0.4,0.44,0,1
2023-03-22,91,"ماست","food_drink",1,0.8,1,1,1,1,1,1,0.83,1,0.89,1,1
2023-03-22,92,"ماکارونی","food_drink",0,0,0.67,0,1,0.67,0.5,0.67,0.83,0.6,0.56,0,1
2023-03-22,93,"مربا","food_drink",0,0,0.33,0,0,1,0.3,1,0.67,0.4,0.44,1,0.5
2023-03-22,94,"موز","food_drink",1,0.8,0.67,1,1,1,0.9,1,1,1,1,1,1
2023-03-22,95,"میوه","food_drink",0,0,0.67,0,1,1,0.5,1,0.83,0.6,0.56,1,1
2023-03-22,96,"نان","food_drink",1,1,1,1,1,1,1,1,0.83,1,1,1,1
2023-03-22,97,"نارنگی","food_drink",0,0,0.33,0,1,1,0.2,1,0.5,0.6,0.56,1,1
2023-03-22,98,"نوشابه","food_drink",0,0,0.67,0,1,0.67,0.8,1,0.83,0.8,0.67,1,1
2023-03-22,99,"نخودچی","food_drink",0,0,0.67,0,0,0.67,0.3,0.67,0.5,0.4,0.44,0,1
2023-03-22,100,"نمک","food_drink",0,0.4,0.33,0,1,0.67,0.6,1,0.67,0.6,0.78,1,1
2023-03-22,101,"هلو","food_drink",0,0,0.33,0,0,1,0.3,0.67,0.5,0.6,0.78,1,1
2023-03-22,102,"همبرگر","food_drink",0,0,0,0,0,0.33,0,0.67,0.33,0.2,0.44,0,0.5
2023-03-22,103,"هندوانه","food_drink",0,0.6,0.67,1,1,1,0.7,1,1,1,0.67,1,1
2023-03-22,104,"یخ","food_drink",0,0.8,0.67,0,1,1,0.8,1,0.83,0.6,0.78,1,1
2023-03-22,105,"اسباب بازی","toys",1,0.4,0.33,0,1,0.67,0.6,0.33,0.83,0.6,0.67,1,0.5
2023-03-22,106,"بادبادک","toys",1,0.4,0,0,0,1,0.4,0,0.33,0.6,0.56,1,1
2023-03-22,107,"بادکنک","toys",0,0.4,0,0,0,1,0.5,0.33,0.83,0.8,0.67,0,0.5
2023-03-22,108,"پازل","toys",0,0,0,0,0,0.33,0.2,0,0.17,0.2,0.22,0,0
2023-03-22,109,"تاب","toys",0,1,0.67,1,1,1,0.8,0.33,1,0.6,1,1,1
2023-03-22,110,"تخته","toys",0,0,0,0,0,0.33,0,0,0.33,0.4,0.44,0,0.5
2023-03-22,111,"توپ","toys",1,0.8,1,1,1,1,1,1,1,1,1,1,1
2023-03-22,112,"چسب","toys",0,0.2,0.33,0,1,0.33,0.6,0.33,0.83,0.8,0.67,0,1
2023-03-22,113,"خط کش","toys",0,0,0,0,0,0.33,0.2,0,0.5,0.2,0.44,0,0
2023-03-22,114,"خمیر","toys",0,0,0,0,0,0.33,0,0.33,0.5,0.2,0.44,0,0.5
2023-03-22,115,"خودکار","toys",0,0.2,0,0,1,0.67,0.5,0.33,0.83,1,0.67,0,1
2023-03-22,116,"دفتر","toys",0,0.4,0.33,0,1,1,0.6,0.33,0.83,0.8,0.78,1,1
2023-03-22,117,"سوت","toys",0,0,0.33,0,0,0.67,0.3,0.67,0.5,0.6,0.56,0,1
2023-03-22,118,"عروسک","toys",1,0.4,0.33,1,0,0.67,0.6,0.33,0.83,0.8,0.78,0,1
2023-03-22,119,"شیپور","toys",0,0,0,0,0,0.67,0,0,0.17,0.2,0.33,0,0
2023-03-22,120,"طناب","toys",0,0,0,0,0,0.33,0.2,0,0.17,0.4,0.44,0,0.5
2023-03-22,121,"کتاب","toys",0,0.2,0.33,0,1,0.67,0.8,1,1,0.8,0.67,1,1
2023-03-22,122,"کتاب داستان","toys",0,0.2,0,0,1,0.33,0.2,0,0.33,0.8,0.44,0,0.5
2023-03-22,123,"لگو","toys",0,0.2,0,0,0,0.67,0.3,0,0.5,0.4,0.22,0,0
2023-03-22,124,"ماژیک","toys",0,0,0,0,0,0.67,0.3,0.33,0.5,0.2,0.44,0,1
2023-03-22,125,"مداد","toys",0,0.4,0,0,0,1,0.8,1,0.83,1,0.78,1,1
2023-03-22,126,"مداد رنگی","toys",0,0.2,0,0,0,0.33,0.2,0.67,0.5,0.8,0.67,0,1
2023-03-22,127,"مشق","toys",0,0,0,0,0,0.33,0.3,0.33,0.33,0.6,0.33,0,0.5
2023-03-22,128,"نقاشی","toys",0,0,0.33,1,1,0.67,0.5,1,0.83,0.8,0.89,0,1
2023-03-22,129,"اهو","animals",0,0,0,0,0,0.33,0.3,0,0.33,0.4,0.22,0,0.5
2023-03-22,130,"اسب","animals",0,0.6,0.67,0,1,0.67,0.9,0.33,0.83,0.8,0.78,1,1
2023-03-22,131,"اردک","animals",0,0,0.33,0,0,0.67,0.3,0,0.5,0.2,0.44,1,1
2023-03-22,132,"الاغ","animals",0,0,0.33,0,0,0.67,0.2,0,0.83,0.6,0.33,1,1
2023-03-22,133,"ببر","animals",0,0,0,0,0,0.33,0.4,0,0.33,0,0.56,0,1
2023-03-22,134,"بره","animals",0,0.2,0.33,0,1,0.33,0.6,0.33,0.5,1,0.89,1,1
2023-03-22,135,"بز","animals",0,0,0,0,0,0.33,0.5,0.33,0.33,0.4,0.67,0,1
2023-03-22,136,"بلبل","animals",0,0,0,0,0,0.33,0.3,0,0.33,0,0.22,0,0
2023-03-22,137,"پرنده","animals",0,0,0,0,0,0.67,0.4,0,0.5,0.4,0.56,1,0.5
2023-03-22,138,"پروانه","animals",0,0.2,0,0,0,0.33,0.6,0,1,0.2,0.56,1,1
2023-03-22,139,"پشه","animals",0,0.4,0.33,0,1,0.67,0.5,0.33,0.5,0.4,0.67,1,0.5
2023-03-22,140,"پلنگ","animals",0,0,0,0,0,0.33,0.2,0,0.17,0.2,0.22,0,0.5
2023-03-22,141,"جوجه","animals",1,0.6,0.67,1,1,0.67,0.9,0.67,1,0.8,0.89,1,1
2023-03-22,142,"حیوان","animals",0,0,0,0,0,0.33,0.2,0,0.5,0.2,0.44,0,0.5
2023-03-22,143,"خر","animals",0,0.4,0,0,0,0.33,0.5,0.67,0.5,0.4,0.44,1,1
2023-03-22,144,"خرچنگ","animals",0,0,0,0,0,0,0.1,0,0.17,0,0.11,0,0
2023-03-22,145,"خرس","animals",0,0,0,0,0,0.33,0.4,0,0.5,0.4,0.67,0,1
2023-03-22,146,"خرگوش","animals",0,0.2,0,0,0,0.67,0.7,0.33,0.67,0.2,0.56,1,1
2023-03-22,147,"خروس","animals",0,0,0,0,1,0.67,0.5,0,0.83,0.8,0.78,1,1
2023-03-22,148,"روباه","animals",0,0.2,0,0,0,0.33,0.2,0,0.33,0,0.11,0,0
2023-03-22,149,"زرافه","animals",0,0,0,0,0,0,0.1,0,0.33,0.2,0.33,0,1
2023-03-22,150,"زنبور","animals",0,0,0.33,0,0,0.67,0.5,0.33,0.67,0.4,0.56,1,1
2023-03-22,151,"سگ","animals",0,0.6,0.33,0,1,0.67,0.8,0.67,1,1,0.78,1,1
2023-03-22,152,"سنجاب","animals",0,0,0,0,0,0,0.2,0,0.17,0,0.11,0,0.5
2023-03-22,153,"سوسک","animals",0,0.2,0,0,0,0.67,0.6,0.33,1,0.4,0.67,1,1
2023-03-22,154,"شتر","animals",0,0.2,0,0,0,0.67,0.2,0,0.33,0.6,0.67,0,1
2023-03-22,155,"طوطی","animals",0,0.2,0.33,0,0,0.33,0.4,0,0.33,0.2,0.22,0,0
2023-03-22,156,"عقاب","animals",0,0,0,0,0,0.33,0.2,0,0.17,0,0.22,0,0
2023-03-22,157,"فیل","animals",1,0,0,0,0,0.33,0.4,0,0.83,0.4,0.67,1,1
2023-03-22,158,"قورباغه","animals",0,0,0,0,0,0.33,0.3,0.33,0.83,0.6,0.44,0,1
2023-03-22,159,"کبوتر","animals",0,0.4,0,0,1,0.33,0.4,0.33,1,0.4,0.56,1,0
2023-03-22,160,"کلاغ","animals",0,0.2,0.67,0,0,0.67,0.8,0.67,0.83,1,0.67,1,1
2023-03-22,161,"گاو","animals",0,0.2,0.67,0,1,0.67,0.9,0.33,0.83,1,0.78,1,1
2023-03-22,162,"گربه","animals",0,0.4,0.67,0,0,0.67,0.8,0.67,1,1,0.78,1,1
2023-03-22,163,"گرگ","animals",0,0,0,0,0,0.33,0.3,0,0.33,0.2,0.56,0,1
2023-03-22,164,"گنجشک","animals",0,0.2,0.33,0,1,0.33,0.6,0.33,0.83,0.6,0.33,1,0.5
2023-03-22,165,"گورخر","animals",0,0,0,0,0,0,0.2,0,0.17,0,0.11,0,0
2023-03-22,166,"گوسفند","animals",0,0.4,0.33,0,1,0.33,0.6,0.33,0.83,0.6,0.56,1,0.5
2023-03-22,167,"گوزن","animals",0,0,0,0,0,0.33,0.2,0,0.17,0,0.11,0,1
2023-03-22,168,"لاک پشت","animals",0,0.2,0,0,0,0.33,0.3,0,0.33,0,0.22,1,1
2023-03-22,169,"مار","animals",0,0.2,0,0,0,0.67,0.5,0,0.33,0.2,0.67,1,1
2023-03-22,170,"ماهی","animals",0,0.8,0.33,1,1,0.67,0.9,0.67,0.83,1,0.89,1,1
2023-03-22,171,"مرغ","animals",0,0.2,0.33,0,1,0,0.7,0.33,0.83,1,0.78,1,1
2023-03-22,172,"مگس","animals",0,0.4,0.67,0,0,0.33,0.7,0.33,0.83,0.4,0.67,1,1
2023-03-22,173,"مورچه","animals",0,0.6,0.67,0,1,0.67,0.9,0.67,1,0.8,0.89,1,1
2023-03-22,174,"موش","animals",0,0,0,0,0,0.67,0.4,0,0.33,0.4,0.89,0,1
2023-03-22,175,"میمون","animals",1,0,0,0,0,0.33,0.5,0,0.5,0.2,0.44,1,1
2023-03-22,176,"اب بازی","games_routines",1,0.8,1,1,1,0.67,0.9,0.67,1,0.8,0.89,1,1
2023-03-22,177,"اتل متل","games_routines",0,0.4,0.67,1,1,0.67,0.7,0.67,0.83,0.6,0.67,1,0.5
2023-03-22,178,"الله اکبر","games_routines",0,0.8,1,1,1,0.67,0.8,0.67,1,1,0.89,1,0
2023-03-22,179,"الو","games_routines",1,1,1,1,1,0.67,0.9,0.67,1,1,0.89,0,0.5
2023-03-22,180,"بای بای ( خداحافظ)","games_routines",1,0.8,1,1,1,0.67,0.9,0.67,1,1,0.89,1,1
2023-03-22,181,"بله ( اره)","games_routines",1,0.6,0.67,1,1,0.67,0.8,0.33,1,0.8,0.89,1,0.5
2023-03-22,182,"به سلامت","games_routines",0,0,0,0,0,0.33,0.2,0.33,0.5,0.4,0.33,1,0.5
2023-03-22,183,"تاب تاب عباسی","games_routines",1,1,1,1,1,0.67,0.8,0.67,1,0.8,0.67,1,1
2023-03-22,184,"خواب","games_routines",1,0.6,1,1,1,0.67,0.8,0.67,1,0.8,0.89,1,1
2023-03-22,185,"دالی/داکی","games_routines",1,0.8,0.67,1,0,0.67,0.9,0.33,0.83,0.6,0.78,1,1
2023-03-22,186,"ده- بیست- سی- چهل","games_routines",0,0.4,0,0,0,0.67,0.7,0,0.5,0.2,0.44,0,0
2023-03-22,187,"سلام","games_routines",0,0.6,0.67,1,1,0.67,1,0.33,1,1,0.78,1,1
2023-03-22,188,"شام","games_routines",0,0,0.33,0,1,0.33,0.6,0.67,0.83,0.8,0.56,0,1
2023-03-22,189,"شب بخیر","games_routines",0,0.2,0.33,0,0,0,0.4,0.33,0.83,0.2,0.56,1,1
2023-03-22,190,"عصرانه","games_routines",0,0,0,0,0,0,0.1,0,0.5,0,0.33,0,0.5
2023-03-22,191,"عمو زنجیر باف","games_routines",0,0,0.67,0,0,0,0.3,0,0.5,0.2,0.44,0,0.5
2023-03-22,192,"عید","games_routines",0,0,0,0,0,0,0.5,0,0.5,0.4,0.44,0,0
2023-03-22,193,"قایم (قایم باشک)","games_routines",0,0,0,1,1,0.33,0.6,0,0.5,0.6,0.22,0,0.5
2023-03-22,194,"صبحانه","games_routines",0,0.2,0.33,0,0,0.67,0.5,0.67,1,0.6,0.67,0,1
2023-03-22,195,"صبح بخیر","games_routines",0,0,0,0,0,0,0.3,0.33,0.5,0.2,0.44,0,1
2023-03-22,196,"کلاغ پر","games_routines",1,0.6,0.33,1,1,0.33,0.6,0.33,0.83,0.6,0.78,1,1
2023-03-22,197,"لطفا","games_routines",0,0,0,0,0,0.33,0.1,0,1,0.4,0.33,0,0
2023-03-22,198,"مبارک","games_routines",0,0,0,0,0,0,0.5,0.33,0.5,0.4,0.22,0,0.5
2023-03-22,199,"مرسی (ممنون)","games_routines",1,0.2,0.67,0,1,0.67,0.7,0.33,1,0.8,0.67,0,0.5
2023-03-22,200,"نانای","games_routines",0,0.6,0.33,1,0,0.33,0.9,0.33,1,0.8,0.44,1,1
2023-03-22,201,"نهار","games_routines",0,0,0.33,0,0,0.33,0.2,0.33,0.83,0.6,0.56,0,1
2023-03-22,202,"هیس","games_routines",1,0.4,0.67,1,1,0.67,0.7,0,1,1,0.89,1,0.5
2023-03-22,203,"اداره","outside",0,0,0,0,0,0,0.1,0,0.17,0,0.11,0,0
2023-03-22,204,"باغ","outside",0,0,0.33,0,0,0.33,0.5,0,0.67,0.4,0.33,0,0.5
2023-03-22,205,"بیرون","outside",0,0.2,0.33,1,0,0.33,0.6,0.33,1,1,0.78,1,1
2023-03-22,206,"پارک","outside",0,0.4,0.67,1,1,0.67,0.9,0.33,1,0.8,0.78,1,1
2023-03-22,207,"پل","outside",0,0,0.33,0,0,0.33,0.2,0,0.33,0.4,0.33,1,0.5
2023-03-22,208,"حیاط","outside",0,0.4,0.33,1,0,0.67,0.7,0.33,1,0.8,0.78,1,1
2023-03-22,209,"خانه","outside",0,0.2,0.33,0,1,0.67,0.8,0.33,0.83,1,0.78,1,1
2023-03-22,210,"دریا","outside",0,0,0,0,0,0.33,0.3,0,0.67,0.4,0.33,0,0.5
2023-03-22,211,"ساحل","outside",0,0,0,0,0,0,0.2,0,0.17,0,0,0,0
2023-03-22,212,"سینما","outside",0,0,0,0,0,0.33,0,0,0.17,0,0.11,0,0
2023-03-22,213,"کلاس","outside",0,0,0,0,0,0,0.3,0,0.33,0.4,0.33,0,0
2023-03-22,214,"کوچه","outside",0,0.2,0.33,0,0,0.67,0.6,0.67,1,0.6,0.56,1,1
2023-03-22,215,"کوه","outside",0,0,0,0,0,0.33,0.4,0,0.5,0.4,0.56,0,0.5
2023-03-22,216,"مدرسه","outside",0,0,0,0,0,0.33,0.8,0.33,0.5,0.6,0.67,0,1
2023-03-22,217,"مسجد","outside",0,0,0,0,0,0.67,0.4,0,0.83,0.6,0.67,1,0
2023-03-22,218,"مغازه","outside",0,0,0,0,1,0.33,0.3,0,0.83,0.6,0.44,1,1
2023-03-22,219,"مهمانی","outside",0,0,0,0,0,0.67,0.2,0,0.67,0.8,0.44,0,0.5
2023-03-22,220,"النگو","clothing",0,0.4,0,1,1,0.67,0.4,0,0.67,0,0.33,1,0
2023-03-22,221,"انگشتر","clothing",0,0.2,0,0,1,0.67,0.3,0.67,0.83,0.6,0.56,1,0.5
2023-03-22,222,"بلوز","clothing",0,0.4,0,0,1,0.67,0.5,0.67,0.83,0.6,0.44,1,0.5
2023-03-22,223,"پوشک","clothing",1,0.2,0,0,0,0.67,0.5,0.33,1,0.8,0.56,1,0.5
2023-03-22,224,"پیراهن","clothing",0,0.4,0,0,1,0.67,0.4,0.33,0.33,0.4,0.78,1,1
2023-03-22,225,"تِل","clothing",0,0.2,0.33,1,0,0.33,0.5,0,1,0.6,0.33,1,0.5
2023-03-22,226,"پیش بند","clothing",0,0,0,0,0,0.67,0.1,0,0.5,0.6,0.33,1,0.5
2023-03-22,227,"جوراب","clothing",0,0.2,0,1,1,1,0.8,1,1,1,0.89,1,1
2023-03-22,228,"چادر","clothing",0,0.4,0.33,1,0,0.67,0.7,0.67,0.83,0.8,0.67,1,1
2023-03-22,229,"چکمه","clothing",0,0,0,1,0,0.67,0.1,0,0.33,0,0.33,1,0
2023-03-22,230,"دستبند","clothing",0,0,0,1,0,0,0.2,0,0.5,0,0.44,1,0
2023-03-22,231,"دستکش","clothing",0,0.2,0,1,0,1,0.2,0,0.67,0.8,0.56,1,1
2023-03-22,232,"دکمه","clothing",0,0.2,0,0,0,1,0.4,0.33,0.67,0.4,0.44,1,1
2023-03-22,233,"دمپای ی","clothing",0,0.6,0.33,1,1,0.67,1,1,1,0.8,0.89,1,1
2023-03-22,234,"روسری","clothing",0,0.2,0,1,0,0.67,0.5,0.67,0.83,0.8,0.67,1,1
2023-03-22,235,"زیپ","clothing",0,0,0,0,0,0.67,0,0.33,0.33,0.2,0.22,1,1
2023-03-22,236,"سنجاق","clothing",0,0,0,0,0,0,0,0.33,0.17,0,0.22,1,0.5
2023-03-22,237,"شال","clothing",0,0.2,0,1,0,1,0.2,0.67,0.5,0.6,0.56,1,1
2023-03-22,238,"شلوار","clothing",0,0.4,0.33,1,0,1,0.8,1,1,1,0.78,1,1
2023-03-22,239,"شورت","clothing",0,0.4,0.33,1,1,1,0.5,1,1,0.6,0.78,1,1
2023-03-22,240,"کاپشن","clothing",0,0,0,0,0,1,0.4,0.67,0.83,0.6,0.33,1,0.5
2023-03-22,241,"کت","clothing",0,0,0,0,0,0.33,0.3,0.33,0.33,0.6,0.44,1,0.5
2023-03-22,242,"کِش","clothing",0,0.2,0,0,0,0.33,0.4,0.33,0.5,0.4,0.44,1,1
2023-03-22,243,"ک فش","clothing",1,0.6,0.33,1,1,1,1,1,1,1,1,1,1
2023-03-22,244,"کلاه","clothing",0,0.4,0.33,1,0,1,0.9,1,1,1,1,1,1
2023-03-22,245,"کمربند","clothing",0,0,0,0,0,1,0.4,0.67,0.33,0.6,0.33,1,1
2023-03-22,246,"گردنبند","clothing",0,0.2,0,0,0,0,0.4,0,0.83,0,0.22,1,0
2023-03-22,247,"گل سر (گیر)","clothing",0,0.4,0,1,0,0.67,0.5,0,0.83,0.4,0.33,1,1
2023-03-22,248,"گوشواره","clothing",0,0.2,0,0,0,0.33,0.6,0.33,0.83,0.2,0.33,1,1
2023-03-22,249,"لباس","clothing",0,0.2,0,0,1,0.33,0.8,1,0.83,0.6,0.78,1,1
2023-03-22,250,"مانتو","clothing",0,0.2,0,0,0,0.33,0.4,0.33,0.5,0.2,0.56,1,1
2023-03-22,251,"ابرو","body_parts",0,0.4,0.67,0,1,1,0.9,1,1,1,0.89,1,1
2023-03-22,252,"انگشت","body_parts",0,0.2,0.33,0,1,1,0.7,1,1,0.8,0.78,1,1
2023-03-22,253,"بازو","body_parts",0,0,0.33,0,0,0.67,0.1,0.67,0.17,0,0.22,1,0.5
2023-03-22,254,"باسن*","body_parts",0,0,0,0,1,0.67,0.3,0.67,0.5,0.2,0.33,1,0.5
2023-03-22,255,"بینی(دماغ)","body_parts",1,0.4,0.67,0,1,1,0.9,1,1,0.8,1,1,1
2023-03-22,256,"پا","body_parts",1,1,1,1,1,1,0.9,1,1,1,1,1,1
2023-03-22,257,"چانه","body_parts",0,0,0,0,1,0.33,0.1,1,0.33,0.2,0.44,1,0.5
2023-03-22,258,"چشم","body_parts",1,0.6,1,0,1,1,0.9,1,1,1,1,1,1
2023-03-22,259,"دست","body_parts",1,0.8,0.67,0,1,1,0.9,1,1,1,1,1,1
2023-03-22,260,"دل","body_parts",0,0.4,0,0,1,1,0.8,0.67,1,0.8,0.78,1,1
2023-03-22,261,"دندان","body_parts",0,0.2,0.67,0,1,1,0.9,1,1,1,0.89,1,1
2023-03-22,262,"دهان","body_parts",0,0.4,0.67,1,1,1,0.5,1,1,0.8,0.78,1,1
2023-03-22,263,"زانو","body_parts",0,0,0,0,0,0.67,0.4,0.67,0.33,0,0.33,1,0.5
2023-03-22,264,"زبان","body_parts",0,0.2,0.67,0,1,1,0.7,1,1,0.8,0.78,1,1
2023-03-22,265,"سر (کله)","body_parts",0,0.4,0.67,0,1,1,0.8,1,1,1,0.78,1,1
2023-03-22,266,"شانه","body_parts",0,0,0,0,0,1,0.1,0.67,0.17,0.2,0.33,1,0.5
2023-03-22,267,"شکم","body_parts",1,0.2,0.33,0,1,1,0.8,1,0.67,0.8,0.56,1,1
2023-03-22,268,"شصت","body_parts",0,0,0,0,0,0.33,0.2,0.67,0.33,0.2,0.44,1,0.5
2023-03-22,269,"صورت","body_parts",0,0.2,0.33,0,1,1,0.4,1,0.67,0.6,0.67,1,1
2023-03-22,270,"گردن","body_parts",0,0,0,0,1,0.67,0.4,0.67,0.67,0.6,0.44,1,1
2023-03-22,271,"وش","body_parts",1,0.4,0.67,0,1,1,0.9,1,1,1,0.89,1,1
2023-03-22,272,"لب ها","body_parts",0,0.2,0.67,0,1,1,0.8,1,1,0.6,1,1,1
2023-03-22,273,"لپ","body_parts",1,0.4,0.33,0,1,1,0.6,1,0.67,0.8,0.56,1,1
2023-03-22,274,"مو","body_parts",1,1,0.67,0,1,1,0.9,1,1,1,1,1,1
2023-03-22,275,"مچ","body_parts",0,0,0,0,0,0.67,0,0.67,0.5,0,0.22,1,0.5
2023-03-22,276,"مشت","body_parts",0,0,0,0,0,0.67,0.2,0.67,0.17,0.6,0.33,1,1
2023-03-22,277,"مژه","body_parts",0,0,0,0,0,0.33,0.3,1,0.5,0.6,0.44,1,0.5
2023-03-22,278,"ناف","body_parts",1,0.2,0.33,0,0,0.67,0.3,0.67,0.83,0.4,0.78,1,0.5
2023-03-22,279,"ادم","people",0,0,0,0,0,0.67,0.4,1,0.5,0.4,0.22,1,0.5
2023-03-22,280,"اسم خود کودک","people",0,0.4,0.67,1,1,0.67,0.9,1,0.83,0.8,0.89,1,0.5
2023-03-22,281,"اقا","people",0,0.6,0.67,0,0,1,0.9,0.67,1,1,0.78,1,1
2023-03-22,282,"الله (خدا)","people",1,0.8,0.67,1,1,1,0.9,1,0.83,1,0.78,1,1
2023-03-22,283,"بابا*","people",1,1,1,1,1,1,1,1,1,1,1,1,1
2023-03-22,284,"بابا بزرگ*","people",0,0.6,0.67,0,1,1,0.7,1,1,1,1,1,1
2023-03-22,285,"بچه (نی نی)","people",1,1,1,1,1,1,1,1,1,1,0.89,1,1
2023-03-22,286,"پسر","people",0,0,0,0,0,1,0.5,1,0.67,0.6,0.56,1,1
2023-03-22,287,"پستچی","people",0,0,0,0,0,0.33,0,0.33,0.17,0,0.11,0,0
2023-03-22,288,"پلیس","people",0,0.4,0.67,0,1,1,0.9,1,1,0.8,1,1,1
2023-03-22,289,"خاله","people",0,0,0.33,0,0,1,0.7,0.33,1,0.6,0.78,1,1
2023-03-22,290,"خانم","people",1,0.8,0.33,0,1,1,0.7,1,0.5,0.8,0.67,1,0.5
2023-03-22,291,"خواهر ( ابجی) *","people",1,0.6,0.33,1,0,1,0.9,1,0.67,0.6,0.56,1,1
2023-03-22,292,"داداش*","people",1,0.8,0.67,1,1,1,0.7,1,1,1,0.78,1,1
2023-03-22,293,"دای ی","people",0,0,0,0,0,0.67,0.1,1,0.67,0.6,0.44,1,1
2023-03-22,294,"دختر","people",0,0.2,0,0,0,0.67,0.5,1,0.5,0.8,0.56,1,1
2023-03-22,295,"دک ت ر","people",0,0,0,0,0,0.67,0.3,1,0.5,0.8,0.33,1,1
2023-03-22,296,"دوست","people",0,0,0,0,0,0.67,0,0.67,0.33,0.4,0.22,1,0
2023-03-22,297,"راننده","people",1,0.6,0.67,1,1,1,0.9,1,1,1,0.89,1,1
2023-03-22,298,"زن","people",0,0.8,0.67,1,1,1,0.9,1,1,1,1,1,0.5
2023-03-22,299,"عمو","people",1,1,1,1,1,1,1,1,1,1,1,1,1
2023-03-22,300,"عمه","people",1,0.6,0.67,0,1,1,0.9,1,1,1,0.89,1,1
2023-03-22,301,"مامان*","people",0,0,0.67,0,0,1,0.5,0.33,0.33,0.6,0.44,1,0.5
2023-03-22,302,"مامان بزرگ*","people",0,0,0,0,0,0.33,0,0.33,0.33,0.2,0.33,0,1
2023-03-22,303,"مرد","people",0,0,0,0,0,0,0,0.33,0.17,0,0.22,0,0
2023-03-22,304,"معلم","people",0,0,0,0,0,0.67,0.5,0.67,0.67,0.8,0.56,1,1
2023-03-22,305,"مهندس","people",0,0,0,0,1,0.33,0.3,0.67,0.5,0.4,0.44,1,1
2023-03-22,306,"اشپزخانه","furniture_rooms",0,0.2,0,0,0,1,0.4,0.67,1,1,0.44,1,1
2023-03-22,307,"ایفون","furniture_rooms",0,0.2,0,1,1,1,0.2,0,0.67,0.2,0.33,1,0.5
2023-03-22,308,"اتاق","furniture_rooms",0,0.4,0.33,0,1,1,0.8,0.67,0.83,1,1,1,1
2023-03-22,309,"اتو","furniture_rooms",0,0.4,0,1,1,0.67,0.7,0.67,0.67,0.8,0.78,1,1
2023-03-22,310,"اجاق (گاز)","furniture_rooms",0,0.4,0,1,0,0.67,0.8,0.67,0.83,1,0.89,1,1
2023-03-22,311,"ایوان","furniture_rooms",0,0.2,0,0,0,0.33,0,0.33,0.33,0.2,0.44,0,0
2023-03-22,312,"بخاری","furniture_rooms",0,0.4,0.33,1,0,1,0.7,0.67,0.67,1,0.78,1,1
2023-03-22,313,"پارکینگ","furniture_rooms",0,0,0,0,0,1,0.2,0,0.5,0.4,0.56,0,0.5
2023-03-22,314,"پذیرایی","furniture_rooms",0,0,0,0,0,0.33,0,0,0.17,0,0.22,0,0
2023-03-22,315,"پله","furniture_rooms",0,0.4,0,0,0,1,0.7,0.33,0.83,0.8,0.78,1,1
2023-03-22,316,"پنجره","furniture_rooms",0,0,0,0,0,1,0.3,0.33,0.5,0.6,0.67,1,1
2023-03-22,317,"تخت","furniture_rooms",0,0.4,0.33,0,0,1,0.6,0,0.83,0.8,0.67,0,0.5
2023-03-22,318,"تلویزیون","furniture_rooms",0,0.2,0.33,0,0,0.67,0.6,0.67,1,1,0.67,1,1
2023-03-22,319,"حمام","furniture_rooms",0,0.6,0.67,0,1,1,0.9,0.67,1,1,0.89,1,1
2023-03-22,320,"در","furniture_rooms",0,1,0.33,0,1,1,1,0.67,0.83,0.8,1,1,1
2023-03-22,321,"دستشویی","furniture_rooms",0,0.4,0.33,0,0,1,0.7,0.67,0.83,0.6,0.89,1,1
2023-03-22,322,"دوش","furniture_rooms",0,0,0,0,0,1,0.4,0,0.67,0.4,0.44,1,0.5
2023-03-22,323,"دیوار","furniture_rooms",0,0,0,0,0,1,0.8,0.33,0.83,0.6,0.67,1,1
2023-03-22,324,"رختخواب","furniture_rooms",1,0.2,0,0,0,1,0.5,0.33,0.83,0.4,0.33,1,0.5
2023-03-22,325,"زیرزمین","furniture_rooms",0,0,0,0,0,0.67,0.2,0.33,0.33,0.4,0.22,1,0
2023-03-22,326,"سماور","furniture_rooms",0,0.2,0,0,0,0.67,0,0.67,0.33,0.2,0.22,1,0
2023-03-22,327,"صندلی","furniture_rooms",0,0.4,0.33,0,1,1,0.8,0.33,1,0.6,0.89,1,1
2023-03-22,328,"ضبط","furniture_rooms",0,0,0,0,0,0.67,0.2,0,0.17,0.2,0.33,0,0.5
2023-03-22,329,"فریزر","furniture_rooms",0,0,0,0,0,0.67,0.2,0,0.5,0.2,0.22,0,0.5
2023-03-22,330,"ظرفشویی","furniture_rooms",0,0,0,0,0,0.67,0.1,0,0.5,0.2,0.44,0,0.5
2023-03-22,331,"قالی ( فرش)","furniture_rooms",0,0,0.33,0,0,0.67,0.8,0.67,0.83,0.6,0.78,1,1
2023-03-22,332,"کامپیوتر","furniture_rooms",0,0,0,0,0,1,0.4,0.33,0.83,0.4,0.44,0,0.5
2023-03-22,333,"کشو","furniture_rooms",0,0,0.33,0,0,0.67,0.3,0,0.5,0.4,0.44,1,1
2023-03-22,334,"کمد","furniture_rooms",0,0.2,0,0,0,1,0.7,0.33,0.83,0.8,0.56,1,1
2023-03-22,335,"ماشین لباسشویی","furniture_rooms",0,0.2,0,0,0,0.33,0.5,0,0.67,0.8,0.33,1,1
2023-03-22,336,"مبل","furniture_rooms",0,0.4,0.33,0,0,1,0.6,0,0.83,0.8,0.78,0,1
2023-03-22,337,"میز","furniture_rooms",0,0.4,0,0,0,1,0.8,0,0.83,0.8,0.78,1,1
2023-03-22,338,"یخچال","furniture_rooms",0,0.2,0.33,0,1,0.67,0.7,0.67,0.83,1,0.67,1,1
2023-03-22,339,"اشغال","household",0,0.2,0.67,0,0,1,0.7,1,0.83,0.8,0.67,1,1
2023-03-22,340,"اینه","household",0,0.6,0,0,1,1,0.8,1,0.83,1,0.56,1,1
2023-03-22,341,"استکان","household",0,0.2,0,0,0,1,0.4,1,0.33,0.6,0.44,1,1
2023-03-22,342,"بالش (پشتی)","household",0,0.4,0,1,1,1,0.9,0.67,1,1,0.78,1,1
2023-03-22,343,"برس","household",0,0.2,0,1,0,1,0.8,0.33,0.83,0.6,0.56,1,1
2023-03-22,344,"بشقاب","household",0,0.2,0.33,0,0,1,0.8,1,1,1,0.89,1,1
2023-03-22,345,"پارچ","household",0,0,0,0,0,1,0.2,0.67,0.5,0.6,0.44,1,1
2023-03-22,346,"پارچه","household",0,0,0,0,0,0.67,0,0,0.5,0.4,0.22,0,0
2023-03-22,347,"پتو","household",0,0.4,0.33,1,1,1,0.9,0.67,1,1,0.89,1,1
2023-03-22,348,"پرده","household",0,0.2,0,0,0,1,0.7,0.33,0.67,0.8,0.56,1,1
2023-03-22,349,"پول","household",1,0.4,0.33,0,1,1,0.6,1,0.83,1,0.67,1,1
2023-03-22,350,"پیچ","household",0,0,0,0,0,1,0.6,0.33,0.17,0.6,0.56,0,1
2023-03-22,351,"پیچ گوشتی","household",0,0,0,0,0,0.67,0.2,0.67,0.33,0.6,0.33,0,0.5
2023-03-22,352,"تلفن","household",1,0.4,0.33,0,0,1,0.8,1,1,0.8,0.89,1,1
2023-03-22,353,"جارو","household",0,0.2,0.67,0,0,1,0.8,1,0.83,1,1,1,1
2023-03-22,354,"جارو برقی","household",0,0.2,0.67,0,0,1,0.8,0.33,0.67,0.8,0.78,1,1
2023-03-22,355,"چاقو","household",0,0.4,0,0,1,1,0.7,0.67,0.83,1,0.78,1,1
2023-03-22,356,"چتر","household",0,0,0,0,0,0.67,0.5,0,0.83,0.8,0.67,1,0.5
2023-03-22,357,"چکش","household",0,0.2,0,0,0,1,0.2,0,0.5,0.6,0.44,0,0.5
2023-03-22,358,"چنگال","household",0,0,0.33,0,1,1,0.7,1,1,0.8,0.56,1,1
2023-03-22,359,"چوب","household",0,0,0.33,0,0,1,0.6,0.67,0.5,0.6,0.56,1,1
2023-03-22,360,"حوله","household",0,0.2,0.67,0,1,1,0.7,1,1,0.6,0.56,1,1
2023-03-22,361,"خمیر دندان","household",0,0,0,0,0,0.67,0.5,0.33,0.67,0.4,0.56,1,1
2023-03-22,362,"دارو","household",0,0.4,0.67,0,0,1,0.8,0.33,0.67,0.4,0.78,1,1
2023-03-22,363,"دستمال","household",0,0,0.33,0,0,1,0.7,1,1,0.6,0.67,1,1
2023-03-22,364,"دوربین","household",0,0,0,0,0,0.67,0.5,0,0.33,0.6,0.33,0,1
2023-03-22,365,"دیس","household",0,0,0,0,0,0.67,0.2,0.33,0.17,0.2,0.22,0,0.5
2023-03-22,366,"رادیو","household",0,0,0,0,0,0.33,0.3,0.33,0.17,0.4,0.33,0,0.5
2023-03-22,367,"ساعت","household",0,0,0,0,0,1,0.7,1,0.67,0.8,1,1,1
2023-03-22,368,"سطل","household",0,0.4,0,0,0,0.67,0.3,0.67,0.83,0.6,0.56,1,1
2023-03-22,369,"سوزن","household",0,0,0,0,0,1,0.6,0.67,0.83,0.6,0.56,0,1
2023-03-22,370,"سی دی","household",0,0.2,0,0,0,0.67,0.7,0.33,0.5,0.8,0.44,0,1
2023-03-22,371,"سینی","household",0,0,0,0,0,1,0.6,0.67,0.83,0.6,0.44,0,1
2023-03-22,372,"شامپو","household",0,0,0,0,1,1,0.7,1,0.83,0.8,0.89,1,1
2023-03-22,373,"شانه","household",0,0,0,1,1,1,0.6,0.67,0.83,1,0.56,0,1
2023-03-22,374,"شمع","household",0,0,0,0,0,1,0.4,0,0.5,0.8,0.44,0,1
2023-03-22,375,"شیشه (شیر)","household",1,0.6,0.33,0,1,1,0.9,1,0.67,0.6,0.56,0,1
2023-03-22,376,"صابون","household",0,0,0,0,1,1,0.5,0.33,1,0.8,0.67,1,1
2023-03-22,377,"ظرف","household",0,0,0,0,0,0.67,0.3,0.67,0.33,0.4,0.44,0,0.5
2023-03-22,378,"عکس","household",0,0.2,0,0,1,1,0.8,1,0.83,0.6,0.89,0,1
2023-03-22,379,"عینک","household",0,0,0,0,0,1,0.8,0.67,0.83,0.8,0.67,0,1
2023-03-22,380,"قاشق","household",0,0.2,0.33,0,1,1,0.8,1,1,1,1,1,1
2023-03-22,381,"قوری","household",0,0,0,0,0,1,0.6,1,0.5,0.2,0.44,0,1
2023-03-22,382,"قیچی","household",0,0.2,0,0,0,1,0.6,0.67,0.5,0.8,0.56,1,1
2023-03-22,383,"کاسه","household",0,0.2,0,0,0,0.67,0.6,1,0.67,0.8,0.67,1,1
2023-03-22,384,"کاغذ","household",0,0,0,0,0,1,0.5,1,0.67,0.8,0.78,0,1
2023-03-22,385,"کبریت","household",0,0,0.33,0,0,1,0.5,1,0.83,1,0.56,1,1
2023-03-22,386,"کتری","household",0,0,0,0,0,0.67,0.3,0.67,0.33,0.4,0.33,0,0.5
2023-03-22,387,"کلید","household",0,0.6,0.33,0,1,1,0.8,1,1,1,0.78,1,1
2023-03-22,388,"کنترل","household",1,0.2,0,0,0,1,0.8,0.67,0.83,0.8,0.56,1,1
2023-03-22,389,"کیف","household",1,0.4,0.33,0,1,1,0.7,0.67,1,0.8,0.78,1,1
2023-03-22,390,"لامپ","household",0,0.2,0.33,0,0,1,0.7,0.67,0.83,1,0.56,1,1
2023-03-22,391,"لیف","household",0,0.2,0,0,1,0.67,0.2,0,0.5,0.4,0.22,0,1
2023-03-22,392,"لیوان","household",0,0,0,0,1,1,0.8,1,1,1,1,1,1
2023-03-22,393,"مسواک","household",0,0,0.33,0,1,1,0.7,1,1,1,0.78,1,1
2023-03-22,394,"نخ","household",0,0.2,0,0,1,1,0.5,0.67,0.5,0.8,0.67,1,1
2023-03-22,395,"نمکدان","household",0,0.2,0,0,1,1,0.6,0.67,0.83,0.8,0.56,1,1
2023-03-22,396,"اتش","outside",0,0.4,0.33,0,0,1,0.7,0,0.67,0.8,0.67,1,1
2023-03-22,397,"ادم برفی","outside",0,0,0,0,0,0.33,0.2,0.67,0.33,0.4,0.56,0,1
2023-03-22,398,"اسمان","outside",0,0.2,0,0,0,1,0.7,0.67,0.83,0.6,0.67,1,1
2023-03-22,399,"ابر","outside",0,0.4,0.33,0,0,0.33,0.7,0.33,0.5,0.8,0.78,1,1
2023-03-22,400,"باد","outside",0,0.8,0.33,0,1,0.33,0.9,0.67,1,0.8,0.78,1,0.5
2023-03-22,401,"باران","outside",0,0.2,0.33,1,1,1,0.8,0.33,1,1,0.78,1,1
2023-03-22,402,"بام (پشت بام)","outside",0,0,0,0,0,0.67,0.3,0,0.17,0.6,0.33,1,0
2023-03-22,403,"برف","outside",1,0.2,0.33,0,1,1,0.7,0.33,0.67,0.8,1,1,1
2023-03-22,404,"برگ","outside",0,0,0,0,0,0.67,0.5,0.33,0.67,0.6,0.44,1,1
2023-03-22,405,"بیل","outside",0,0,0.33,0,0,0.67,0.1,0,0,0.4,0.44,0,0.5
2023-03-22,406,"پرچم","outside",0,0,0,0,0,0.67,0.1,0.67,0.5,0.4,0.56,0,0.5
2023-03-22,407,"پیاده رو","outside",0,0,0,0,0,0,0,0.67,0,0.2,0.11,0,0.5
2023-03-22,408,"حوض (استخر)","outside",0,0,0,1,0,0.33,0.3,0.33,0.33,0.2,0.33,1,1
2023-03-22,409,"خاک","outside",0,0,0.33,0,0,0.67,0.6,0.67,0.83,0.6,0.56,1,1
2023-03-22,410,"خورشید","outside",0,0,0,0,0,1,0.5,0.33,0.67,0.8,0.56,1,1
2023-03-22,411,"خیابان","outside",0,0,0,0,0,1,0.3,1,0.67,0.6,0.44,1,1
2023-03-22,412,"درخت","outside",0,0.2,0.33,0,0,1,0.7,0.67,1,0.8,0.89,1,1
2023-03-22,413,"دود","outside",0,0,0.33,0,0,0.33,0.5,0.67,0.17,0.6,0.33,1,0.5
2023-03-22,414,"زمین","outside",0,0,0.33,0,1,1,0.6,0.33,1,0.6,0.56,1,1
2023-03-22,415,"ساقه","outside",0,0,0,0,0,0,0.1,0.33,0,0.2,0,0,0
2023-03-22,416,"ستاره","outside",0,0,0,0,0,1,0.7,1,0.67,0.8,0.56,1,1
2023-03-22,417,"سرسره","outside",0,0.2,0.33,1,1,1,0.9,0.67,1,0.8,0.78,1,1
2023-03-22,418,"سنگ","outside",0,0.2,0.33,0,0,1,0.6,0.67,0.67,0.6,0.56,1,1
2023-03-22,419,"شلنگ","outside",0,0,0,0,0,0.67,0.2,0,0.5,0.6,0.44,1,1
2023-03-22,420,"علف (سبزه)","outside",0,0.4,0,0,0,0.67,0.3,0.33,0.33,0.4,0.22,1,1
2023-03-22,421,"گل","outside",1,0.4,0.33,1,1,1,0.9,0.33,1,1,1,1,1
2023-03-22,422,"گِل","outside",0,0,0.33,0,0,0.67,0.2,0,0,0.6,0.33,1,0.5
2023-03-22,423,"ماه","outside",0,0.6,0,0,0,0.67,0.9,0.67,0.67,1,0.78,1,1
2023-03-22,424,"هوا","outside",0,0.2,0,0,0,0.67,0.7,0.33,0.17,0.6,0.33,1,1
2023-03-22,425,"بیشتر","quantifiers",0,0,0,0,0,0.33,0.3,0,0.33,0.2,0.11,1,0.5
2023-03-22,426,"خیلی","quantifiers",0,0.2,0,0,0,0.33,0.5,0.33,0.5,0.6,0.78,1,1
2023-03-22,427,"دیگه","quantifiers",0,0.2,0,0,0,0.67,0.5,0.67,0.5,0.6,0.33,0,0
2023-03-22,428,"زیاد","quantifiers",0,0,0.33,0,0,0.67,0.4,0.33,0.33,0.8,0.56,1,1
2023-03-22,429,"یه کم( یه ذره)","quantifiers",0,0,0,0,0,0.67,0.5,0,0.33,0.6,0.44,1,0.5
2023-03-22,430,"مثلِ ( شکلِ)","quantifiers",0,0,0,0,0,0.33,0.3,0,0.33,0.4,0.22,0,0
2023-03-22,431,"هر","quantifiers",0,0,0,0,0,0.33,0.1,0,0.17,0.2,0.11,0,0
2023-03-22,432,"همه- همش","quantifiers",0,0,0,0,1,0.67,0.7,0.67,0.83,0.8,0.56,1,0.5
2023-03-22,433,"هیچی","quantifiers",0,0,0,0,0,0.67,0.5,0.33,1,0.8,0.44,1,0.5
2023-03-22,434,"هیچ کدوم","quantifiers",0,0,0,0,0,0.33,0.1,0,0.17,0.4,0.11,1,0
2023-03-22,435,"یک","quantifiers",0,0.4,0.67,0,1,0.67,0.6,0.33,1,0.8,0.56,1,0.5
2023-03-22,436,"الان","time_words",0,0.2,0,0,0,1,0.6,0.33,0.33,0.2,0.44,1,1
2023-03-22,437,"امروز","time_words",0,0,0.33,0,0,0,0.4,0,0,0.2,0.11,0,0
2023-03-22,438,"بعد","time_words",0,0,0,0,1,0.33,0.1,0,0.17,0.4,0.33,1,0.5
2023-03-22,439,"دیروز","time_words",0,0,0,0,0,0,0.1,0,0,0.2,0.11,0,0
2023-03-22,440,"روز","time_words",0,0,0,0,0,0.33,0.3,0,0,0.4,0.11,0,0.5
2023-03-22,441,"زود","time_words",0,0,0.33,0,0,0.33,0.4,0,0.33,0.6,0.44,1,0.5
2023-03-22,442,"شب","time_words",0,0.2,0,0,0,0.67,0.5,0.67,0.5,0.8,0.56,1,1
2023-03-22,443,"صبح","time_words",0,0,0,0,0,0.67,0.5,0.33,0.67,0.4,0.44,1,1
2023-03-22,444,"ظهر","time_words",0,0,0,0,1,0.33,0.2,0.33,0.17,0.6,0.33,0,0
2023-03-22,445,"عصر","time_words",0,0,0,0,0,0.33,0.1,0,0,0,0.22,0,0
2023-03-22,446,"فردا","time_words",0,0,0,0,1,0.33,0.5,0,0.33,0.8,0.56,1,1
2023-03-22,447,"قبل","time_words",0,0,0,0,0,0.33,0,0,0,0.2,0.22,0,0
2023-03-22,448,"ان (اون)","pronouns",0,0.6,0,0,1,0.67,0.7,0.33,0.67,0.6,0.44,1,0.5
2023-03-22,449,"انها","pronouns",0,0,0,0,0,0,0.1,0,0.33,0.2,0.11,0,0
2023-03-22,450,"او (اون)","pronouns",0,0,0.33,0,0,0.33,0.5,0,0.33,0.6,0.22,1,0
2023-03-22,451,"این","pronouns",0,0.6,0,0,0,0.67,1,0.33,0.67,0.6,0.67,1,0
2023-03-22,452,"اینها","pronouns",0,0.4,0.33,0,1,0.33,0.2,0.33,0.5,0.6,0.22,0,0
2023-03-22,453,"تو","pronouns",0,0,0,0,1,0.33,0.3,0,0.33,0.4,0.22,0,1
2023-03-22,454,"خودت","pronouns",0,0,0,0,0,1,0.4,0.33,0.67,0.6,0.33,1,1
2023-03-22,455,"خودتان (خودتون)","pronouns",0,0,0,0,0,0.33,0,0,0.17,0.2,0.11,0,0
2023-03-22,456,"خودش","pronouns",0,0,0,0,0,0.33,0.2,0,0.33,0.4,0.33,1,0
2023-03-22,457,"خودشان","pronouns",0,0,0,0,0,0,0.1,0,0.33,0.2,0.11,0,0
2023-03-22,458,"خودم","pronouns",0,0,0,0,1,1,0.7,0.67,0.5,0.6,0.67,0,0.5
2023-03-22,459,"خودمان (خودمون)","pronouns",0,0,0,0,0,0.33,0.3,0,0.33,0.6,0.44,0,0
2023-03-22,460,"شما","pronouns",0,0,0,0,0,0.33,0.3,0,0.17,0.4,0.22,0,0.5
2023-03-22,461,"ما","pronouns",1,1,0.33,1,1,0.67,1,0.67,0.67,1,0.89,1,1
2023-03-22,462,"من","pronouns",0,0,0,0,0,0,0.3,0,0.17,0.4,0.11,1,0
2023-03-22,463,"همان(همون)","pronouns",0,0.2,0,0,0,1,0.4,0,0.67,0.4,0.78,1,0.5
2023-03-22,464,"ابی","descriptive_words",0,0.4,0.33,0,1,0.33,0.8,0,0.5,0.6,0.78,0,1
2023-03-22,465,"اخر","descriptive_words",0,0,0,0,0,0.33,0.1,0,0.17,0.2,0.11,0,0.5
2023-03-22,466,"اهسته (یواش)","descriptive_words",0,0,0,0,0,0.67,0.4,0.33,0.5,0.6,0.56,1,1
2023-03-22,467,"اذیت","descriptive_words",0,0,0,0,0,0,0.5,0,0.5,0.6,0.44,1,1
2023-03-22,468,"اول","descriptive_words",0,0,0,0,0,0.33,0.5,0.33,0.67,0.6,0.44,1,0.5
2023-03-22,469,"باز","descriptive_words",0,0.4,0,0,0,0.33,0.7,0.33,0.67,0.8,0.44,1,0.5
2023-03-22,470,"بامزه","descriptive_words",0,0,0,0,0,0.33,0,0.33,0,0.2,0.11,0,0.5
2023-03-22,471,"بد","descriptive_words",1,0.8,0.33,0,1,1,0.7,0.67,0.83,0.6,1,1,0.5
2023-03-22,472,"بد مزه","descriptive_words",0,0,0,0,0,0.67,0.2,0.33,0,0.4,0.22,1,0.5
2023-03-22,473,"بزرگ","descriptive_words",0,0.2,0.33,0,0,1,0.6,0.67,0.67,0.6,0.44,0,0.5
2023-03-22,474,"بسته","descriptive_words",0,0,0,0,1,1,0.3,0,0.33,0.4,0.22,0,0.5
2023-03-22,475,"بلند (صدا)","descriptive_words",0,0,0,0,0,1,0.5,0.67,0.5,0.4,0.33,1,0.5
2023-03-22,476,"بهتر","descriptive_words",0,0,0,0,0,0,0.2,0,0,0.4,0.11,0,0
2023-03-22,477,"بیدار","descriptive_words",0,0,0,0,1,0.67,0.7,1,0.67,0.6,0.56,1,1
2023-03-22,478,"پاره","descriptive_words",0,0,0.33,0,0,0.67,0.3,0.67,0.67,0.6,0.56,1,0.5
2023-03-22,479,"پر","descriptive_words",0,0.2,0,0,0,0.33,0.5,0.33,0.33,0.6,0.33,0,0.5
2023-03-22,480,"پیر","descriptive_words",0,0,0,0,0,0.33,0.2,0.67,0,0.4,0.11,0,0.5
2023-03-22,481,"تاریک","descriptive_words",0,0,0,0,0,0.33,0.5,0.33,0.5,0.6,0.33,1,1
2023-03-22,482,"تازه","descriptive_words",0,0,0,0,0,0,0.2,0,0,0.4,0.11,0,0
2023-03-22,483,"ترش","descriptive_words",0,0.4,0.33,0,1,1,0.7,1,0.67,0.6,0.78,1,1
2023-03-22,484,"تلخ","descriptive_words",0,0,0,0,0,0.67,0.3,0.67,0.33,0.4,0.67,1,1
2023-03-22,485,"تمیز","descriptive_words",0,0,0,0,0,0.33,0.5,0.33,0.5,0.8,0.44,0,1
2023-03-22,486,"چاق","descriptive_words",0,0,0,0,0,0.33,0.3,0.33,0,0.4,0.11,0,1
2023-03-22,487,"خالی","descriptive_words",0,0,0,0,0,0.67,0.1,0.33,0.33,0.6,0.11,1,1
2023-03-22,488,"خسته","descriptive_words",0,0,0,0,0,0,0.3,0,0.5,0.6,0.44,1,1
2023-03-22,489,"خشک","descriptive_words",0,0,0,0,0,0.67,0.2,0,0.17,0.6,0.33,1,1
2023-03-22,490,"خواب","descriptive_words",1,0.2,0.67,1,1,1,1,0.33,1,0.6,0.89,1,1
2023-03-22,491,"خوابیده","descriptive_words",1,0,0,1,1,0.67,0.9,0.67,0.83,1,0.56,1,1
2023-03-22,492,"خوشحال","descriptive_words",0,0,0,0,0,0.33,0.4,0.67,0.33,0.6,0.11,0,1
2023-03-22,493,"خوشگل","descriptive_words",0,0.2,0.67,0,0,1,0.5,0.33,0.67,0.6,0.78,1,1
2023-03-22,494,"خوشمزه","descriptive_words",0,0,0.33,1,0,0.67,0.5,0.67,0.67,0.6,0.33,1,1
2023-03-22,495,"خیس","descriptive_words",0,0.6,0.67,1,1,1,0.6,1,0.83,0.8,0.67,1,1
2023-03-22,496,"داغ","descriptive_words",1,0.8,0.33,1,1,0.67,0.8,1,1,1,0.89,1,1
2023-03-22,497,"دراز (بلند)","descriptive_words",0,0,0,0,0,0.67,0.1,0.33,0,0.4,0.33,0,0.5
2023-03-22,498,"روشن","descriptive_words",0,0.2,0,0,0,0.67,0.7,0.67,0.5,0.6,0.44,0,1
2023-03-22,499,"زرد","descriptive_words",1,0,0.33,0,0,0.33,0.7,0.33,0.5,0.4,0.56,0,1
2023-03-22,500,"سبز","descriptive_words",0,0,0.33,0,0,0.33,0.7,0,0.5,0.6,0.44,0,1
2023-03-22,501,"سبک","descriptive_words",0,0,0,0,0,0.33,0.1,0,0,0.2,0.11,0,0
2023-03-22,502,"سرد","descriptive_words",0,0.4,0.33,1,1,1,0.6,1,1,1,0.89,1,1
2023-03-22,503,"سریع (تند)","descriptive_words",0,0,0,0,0,0.33,0.4,0.33,0.17,0.4,0.33,0,0.5
2023-03-22,504,"سفت","descriptive_words",0,0,0,0,0,0.67,0.5,0.67,0.83,0.6,0.44,1,1
2023-03-22,505,"سفید","descriptive_words",0,0,0.33,0,0,0.33,0.4,0.33,0.17,0.6,0.44,0,1
2023-03-22,506,"سنگین","descriptive_words",0,0,0,0,0,0.33,0.3,1,0.5,0.8,0.56,1,1
2023-03-22,507,"سیاه","descriptive_words",0,0,0,0,0,0.33,0.6,1,0.17,0.4,0.44,0,1
2023-03-22,508,"شکسته","descriptive_words",0,0,0.33,0,0,0.33,0.5,1,0.83,0.6,0.56,0,1
2023-03-22,509,"شور","descriptive_words",0,0,0,0,0,0.67,0.5,0.33,0.17,0.6,0.56,0,1
2023-03-22,510,"شیرین","descriptive_words",0,0,0,0,0,1,0.5,0.67,0.67,0.8,0.44,1,1
2023-03-22,511,"شیطان","descriptive_words",0,0,0,0,0,0,0.1,0.67,0.17,0.2,0.11,0,0.5
2023-03-22,512,"قرمز","descriptive_words",0,0,0.33,0,0,0.33,0.6,0,0.5,0.6,0.56,0,1
2023-03-22,513,"قهوه ای","descriptive_words",0,0,0,0,0,0.33,0.3,0,0,0.2,0.22,0,0.5
2023-03-22,514,"کثیف","descriptive_words",1,0,0.33,0,1,1,0.6,1,0.83,1,0.78,1,1
2023-03-22,515,"کوچک","descriptive_words",0,0,0,0,0,0.67,0.5,0.33,0.17,0.6,0.56,0,1
2023-03-22,516,"کهنه","descriptive_words",0,0,0,0,0,0,0.2,0.33,0,0.2,0.11,0,0.5
2023-03-22,517,"گرسنه","descriptive_words",0,0,0,1,1,0.33,0.3,0.67,0.33,0.2,0.56,1,1
2023-03-22,518,"گرم","descriptive_words",0,0,0,1,1,1,0.5,0.33,0.5,0.6,0.44,0,1
2023-03-22,519,"لاغر","descriptive_words",0,0,0,0,0,0.33,0.1,0.33,0,0.2,0.11,0,0.5
2023-03-22,520,"مریض","descriptive_words",0,0,0,0,0,0,0.4,0.67,0.5,0.6,0.44,0,1
2023-03-22,521,"ناراحت","descriptive_words",0,0,0,1,0,0.33,0.2,0.33,0.33,0.6,0.11,0,0.5
2023-03-22,522,"نارنجی","descriptive_words",0,0,0,0,0,0.33,0.3,0,0.33,0.2,0.33,0,1
2023-03-22,523,"ناز","descriptive_words",0,0.4,0,0,0,0.33,0.3,0.33,0.33,0.2,0.22,0,0
2023-03-22,524,"نازک","descriptive_words",0,0,0,0,0,0,0.1,0,0,0.2,0.11,0,0
2023-03-22,525,"نرم","descriptive_words",0,0,0,0,0,0.33,0.3,0.33,0.33,0.6,0.22,0,1
2023-03-22,526,"نو (جدید، تازه)","descriptive_words",0,0,0,1,0,0.33,0.3,0.33,0,0.6,0.33,0,0.5
2023-03-22,527,"از","locations",0,0,0,0,0,0.33,0.6,0,0.5,0.2,0.22,0,0.5
2023-03-22,528,"اطراف","locations",0,0,0,0,1,0,0,0.33,0,0,0,0,0
2023-03-22,529,"انجا","locations",0,0.2,0.33,0,0,0,0.6,0.33,0.33,0.6,0.33,1,1
2023-03-22,530,"اینجا","locations",0,0.2,0.33,0,0,0.33,0.7,0.33,0.67,0.6,0.56,1,0.5
2023-03-22,531,"اونطرف","locations",0,0,0.33,0,1,0.33,0.4,0.33,0.5,0.2,0.11,1,0.5
2023-03-22,532,"این طرف(این ور)","locations",0,0,0,0,1,0,0.2,0,0.33,0.4,0,1,0
2023-03-22,533,"بالا(بالا ِی)","locations",1,0.4,0.33,0,0,0.67,0.9,0.33,0.67,1,0.89,1,0.5
2023-03-22,534,"برای","locations",0,0,0,0,0,0,0.2,0.67,0.33,0.2,0.11,1,0
2023-03-22,535,"به","locations",0,0,0,0,0,1,0.2,0.33,0.5,0.6,0.22,1,0.5
2023-03-22,536,"بیرون","locations",0,0,0.33,0,0,0.67,0.5,0.67,0.5,1,0.67,0,1
2023-03-22,537,"پایین","locations",1,0.4,0.33,0,1,0.67,0.6,1,0.67,1,0.67,1,1
2023-03-22,538,"پشت","locations",0,0,0,0,0,0.67,0.2,0.33,0.5,0.8,0.44,0,1
2023-03-22,539,"جلو (جلوی)","locations",0,0,0,0,0,0.67,0.2,0.33,0.17,0.4,0.22,0,1
2023-03-22,540,"داخل (توی/ در)","locations",0,0,0,0,0,0.67,0.4,0,0.33,0.2,0.44,1,0.5
2023-03-22,541,"دور","locations",0,0,0,0,0,0.33,0.2,0.67,0.33,0.6,0.33,0,0
2023-03-22,542,"دورتر","locations",0,0,0,0,0,0,0.1,0,0.17,0.2,0,0,0.5
2023-03-22,543,"روی","locations",0,0,0,0,0,0.33,0.1,0.33,0.17,0.8,0.11,0,1
2023-03-22,544,"زیر","locations",0,0.2,0,0,0,0.33,0.3,0,0.33,0.8,0.56,0,0.5
2023-03-22,545,"عقب","locations",0,0,0,0,1,0.67,0.3,0.67,0.17,0.6,0.44,1,1
2023-03-22,546,"کنار","locations",0,0,0,0,0,0.33,0.1,0,0.33,0.4,0.22,0,0
2023-03-22,547,"نزدیک","locations",0,0,0,0,0,0,0.2,0,0.17,0.4,0.22,0,0
2023-03-22,548,"اگر","connecting_words",0,0,0,0,0,0,0.3,0.33,0.5,0.2,0.11,0,1
2023-03-22,549,"اما (ولی)","connecting_words",0,0,0,0,0,0.33,0.3,0,0.33,0.2,0.22,0,0.5
2023-03-22,550,"بعد","connecting_words",0,0,0,0,0,0,0.2,0,0.17,0,0,0,0
2023-03-22,551,"پس","connecting_words",0,0,0,0,0,0,0,0,0,0.4,0.22,1,0.5
2023-03-22,552,"چون (چون که/ زیرا/ برای اینکه)","connecting_words",0,0,0,0,1,0.33,0.3,0.33,0.33,0.8,0.11,0,0.5
2023-03-22,553,"و","connecting_words",0,0,0,0,0,0,0.3,0,0.33,0.4,0.22,1,0
2023-03-22,554,"چرا","question_words",0,0,0,0,0,0.33,0.6,0,0.5,0.6,0.33,0,1
2023-03-22,555,"چطور","question_words",0,0,0,0,0,0,0.3,0,0.5,0.4,0.22,0,1
2023-03-22,556,"چیه","question_words",0,0.8,0.67,1,0,1,0.8,0.67,0.83,0.8,0.67,1,1
2023-03-22,557,"کجا","question_words",0,0.2,0.67,0,0,1,0.6,0.33,0.67,0.8,0.67,1,1
2023-03-22,558,"کدام","question_words",0,0,0,0,1,0,0.1,0,0.17,0.2,0,0,1
2023-03-22,559,"کو","question_words",0,0.8,0.33,0,0,0.67,0.7,0.67,1,0.8,0.89,1,1
2023-03-22,560,"کِی","question_words",0,0,0,0,0,1,0.6,0.67,0.33,0.4,0.33,0,0.5
2023-03-22,561,"کی","question_words",0,0.2,0.33,0,0,0.33,0.5,0.33,0.83,0.4,0.44,1,1
2023-03-22,562,"امد","action_words",0,0,0,0,0,0,0,0,0,0,0,0,0
2023-03-22,563,"افتاد","action_words",0,0,0,0,0,0,0,0,0,0,0,0,0
2023-03-22,564,"انداخت","action_words",0,0,0,0,0,0,0,0,0,0,0,0,0
2023-03-22,565,"ایستادن (وایسا)","action_words",0,0,0,0,0,0,0,0,0,0,0,0,0
2023-03-22,566,"باز (کردن)","action_words",0,0,0,0,0,0,0,0,0,0,0,0,0
2023-03-22,567,"بازی (کردن)","action_words",0,0,0,0,0,0,0,0,0,0,0,0,0
2023-03-22,568,"باشه","action_words",0,0,0,0,0,0,0,0,0,0,0,0,0
2023-03-22,569,"ببر","action_words",0,0,0,0,0,0,0,0,0,0,0,0,0
2023-03-22,570,"ببند","action_words",0,0,0,0,0,0,0,0,0,0,0,0,0
2023-03-22,571,"ببین","action_words",0,0,0,0,0,0,0,0,0,0,0,0,0
2023-03-22,572,"ببینم","action_words",0,0,0,0,0,0,0,0,0,0,0,0,0
2023-03-22,573,"بپر","action_words",0,0,0,0,0,0,0,0,0,0,0,0,0
2023-03-22,574,"بپوش","action_words",0,0,0,0,0,0,0,0,0,0,0,0,0
2023-03-22,575,"بخر","action_words",0,0,0,0,0,0,0,0,0,0,0,0,0
2023-03-22,576,"بخند","action_words",0,0,0,0,0,0,0,0,0,0,0,0,0
2023-03-22,577,"بخوان","action_words",0,0,0,0,0,0,0,0,0,0,0,0,0
2023-03-22,578,"بخور","action_words",0,0,0,0,0,0,0,0,0,0,0,0,0
2023-03-22,579,"بخورم","action_words",0,0,0,0,0,0,0,0,0,0,0,0,0
2023-03-22,580,"بدو","action_words",0,0,0,0,0,0,0,0,0,0,0,0,0
2023-03-22,581,"بده","action_words",0,0,0,0,0,0,0,0,0,0,0,0,0
2023-03-22,582,"بردار","action_words",0,0,0,0,0,0,0,0,0,0,0,0,0
2023-03-22,583,"برم","action_words",0,0,0,0,0,0,0,0,0,0,0,0,0
2023-03-22,584,"برو","action_words",0,0,0,0,0,0,0,0,0,0,0,0,0
2023-03-22,585,"برویم (بریم)","action_words",0,0,0,0,0,0,0,0,0,0,0,0,0
2023-03-22,586,"بریزم","action_words",0,0,0,0,0,0,0,0,0,0,0,0,0
2023-03-22,587,"بست","action_words",0,0,0,0,0,0,0,0,0,0,0,0,0
2023-03-22,588,"بشور","action_words",0,0,0,0,0,0,0,0,0,0,0,0,0
2023-03-22,589,"بشورم","action_words",0,0,0,0,0,0,0,0,0,0,0,0,0
2023-03-22,590,"بغل کردن","action_words",0,0,0,0,0,0,0,0,0,0,0,0,0
2023-03-22,591,"بکش","action_words",0,0,0,0,0,0,0,0,0,0,0,0,0
2023-03-22,592,"بکن","action_words",0,0,0,0,0,0,0,0,0,0,0,0,0
2023-03-22,593,"بگو","action_words",0,0,0,0,0,0,0,0,0,0,0,0,0
2023-03-22,594,"بگیر","action_words",0,0,0,0,0,0,0,0,0,0,0,0,0
2023-03-22,595,"بنداز","action_words",0,0,0,0,0,0,0,0,0,0,0,0,0
2023-03-22,596,"بشین","action_words",0,0,0,0,0,0,0,0,0,0,0,0,0
2023-03-22,597,"بشینم","action_words",0,0,0,0,0,0,0,0,0,0,0,0,0
2023-03-22,598,"بنویس","action_words",0,0,0,0,0,0,0,0,0,0,0,0,0
2023-03-22,599,"بنویسم","action_words",0,0,0,0,0,0,0,0,0,0,0,0,0
2023-03-22,600,"بوس کن","action_words",0,0,0,0,0,0,0,0,0,0,0,0,0
2023-03-22,601,"بیا","action_words",0,0,0,0,0,0,0,0,0,0,0,0,0
2023-03-22,602,"بیار","action_words",0,0,0,0,0,0,0,0,0,0,0,0,0
2023-03-22,603,"بیدار شد","action_words",0,0,0,0,0,0,0,0,0,0,0,0,0
2023-03-22,604,"بیدار شو","action_words",0,0,0,0,0,0,0,0,0,0,0,0,0
2023-03-22,605,"پاره شد","action_words",0,0,0,0,0,0,0,0,0,0,0,0,0
2023-03-22,606,"پا شو","action_words",0,0,0,0,0,0,0,0,0,0,0,0,0
2023-03-22,607,"پاک کن","action_words",0,0,0,0,0,0,0,0,0,0,0,0,0
2023-03-22,608,"پوشید","action_words",0,0,0,0,0,0,0,0,0,0,0,0,0
2023-03-22,609,"پوشیدم","action_words",0,0,0,0,0,0,0,0,0,0,0,0,0
2023-03-22,610,"تاب بده","action_words",0,0,0,0,0,0,0,0,0,0,0,0,0
2023-03-22,611,"تمام شد","action_words",0,0,0,0,0,0,0,0,0,0,0,0,0
2023-03-22,612,"جاروکن","action_words",0,0,0,0,0,0,0,0,0,0,0,0,0
2023-03-22,613,"جاروکنم","action_words",0,0,0,0,0,0,0,0,0,0,0,0,0
2023-03-22,614,"جمع (کردن)","action_words",0,0,0,0,0,0,0,0,0,0,0,0,0
2023-03-22,615,"حرفنزن","action_words",0,0,0,0,0,0,0,0,0,0,0,0,0
2023-03-22,616,"خراب شد","action_words",0,0,0,0,0,0,0,0,0,0,0,0,0
2023-03-22,617,"خرید","action_words",0,0,0,0,0,0,0,0,0,0,0,0,0
2023-03-22,618,"خواب","action_words",0,0,0,0,0,0,0,0,0,0,0,0,0
2023-03-22,619,"خوابه","action_words",0,0,0,0,0,0,0,0,0,0,0,0,0
2023-03-22,620,"خوابید","action_words",0,0,0,0,0,0,0,0,0,0,0,0,0
2023-03-22,621,"خواندم","action_words",0,0,0,0,0,0,0,0,0,0,0,0,0
2023-03-22,622,"خورد","action_words",0,0,0,0,0,0,0,0,0,0,0,0,0
2023-03-22,623,"خوردم","action_words",0,0,0,0,0,0,0,0,0,0,0,0,0
2023-03-22,624,"خیس شد","action_words",0,0,0,0,0,0,0,0,0,0,0,0,0
2023-03-22,625,"در ار","action_words",0,0,0,0,0,0,0,0,0,0,0,0,0
2023-03-22,626,"دربزن","action_words",0,0,0,0,0,0,0,0,0,0,0,0,0
2023-03-22,627,"درزد","action_words",0,0,0,0,0,0,0,0,0,0,0,0,0
2023-03-22,628,"درست کن","action_words",0,0,0,0,0,0,0,0,0,0,0,0,0
2023-03-22,629,"دستبزن","action_words",0,0,0,0,0,0,0,0,0,0,0,0,0
2023-03-22,630,"دستزد","action_words",0,0,0,0,0,0,0,0,0,0,0,0,0
2023-03-22,631,"دستنزن","action_words",0,0,0,0,0,0,0,0,0,0,0,0,0
2023-03-22,632,"دیدی","action_words",0,0,0,0,0,0,0,0,0,0,0,0,0
2023-03-22,633,"رفت","action_words",0,0,0,0,0,0,0,0,0,0,0,0,0
2023-03-22,634,"رنگ کن","action_words",0,0,0,0,0,0,0,0,0,0,0,0,0
2023-03-22,635,"رنگ کنم","action_words",0,0,0,0,0,0,0,0,0,0,0,0,0
2023-03-22,636,"روشنشد","action_words",0,0,0,0,0,0,0,0,0,0,0,0,0
2023-03-22,637,"ریخت","action_words",0,0,0,0,0,0,0,0,0,0,0,0,0
2023-03-22,638,"زد","action_words",0,0,0,0,0,0,0,0,0,0,0,0,0
2023-03-22,639,"ساکت","action_words",0,0,0,0,0,0,0,0,0,0,0,0,0
2023-03-22,640,"سوار شو","action_words",0,0,0,0,0,0,0,0,0,0,0,0,0
2023-03-22,641,"سوخت","action_words",0,0,0,0,0,0,0,0,0,0,0,0,0
2023-03-22,642,"سیر شدم","action_words",0,0,0,0,0,0,0,0,0,0,0,0,0
2023-03-22,643,"شستم","action_words",0,0,0,0,0,0,0,0,0,0,0,0,0
2023-03-22,644,"شکست","action_words",0,0,0,0,0,0,0,0,0,0,0,0,0
2023-03-22,645,"شنا( کردن)","action_words",0,0,0,0,0,0,0,0,0,0,0,0,0
2023-03-22,646,"شوت (کردن)","action_words",0,0,0,0,0,0,0,0,0,0,0,0,0
2023-03-22,647,"صبر کن","action_words",0,0,0,0,0,0,0,0,0,0,0,0,0
2023-03-22,648,"قلقلک (کردن)","action_words",0,0,0,0,0,0,0,0,0,0,0,0,0
2023-03-22,649,"فوت کن","action_words",0,0,0,0,0,0,0,0,0,0,0,0,0
2023-03-22,650,"قایم شو","action_words",0,0,0,0,0,0,0,0,0,0,0,0,0
2023-03-22,651,"کشیدم","action_words",0,0,0,0,0,0,0,0,0,0,0,0,0
2023-03-22,652,"کمک (کردن)","action_words",0,0,0,0,0,0,0,0,0,0,0,0,0
2023-03-22,653,"گاز ( گرفتن)","action_words",0,0,0,0,0,0,0,0,0,0,0,0,0
2023-03-22,654,"گریه کن","action_words",0,0,0,0,0,0,0,0,0,0,0,0,0
2023-03-22,655,"گوش کن (گوش بده)","action_words",0,0,0,0,0,0,0,0,0,0,0,0,0
2023-03-22,656,"می خوانم","action_words",0,0,0,0,0,0,0,0,0,0,0,0,0
2023-03-22,657,"میزنم","action_words",0,0,0,0,0,0,0,0,0,0,0,0,0
2023-03-22,658,"نرو","action_words",0,0,0,0,0,0,0,0,0,0,0,0,0
2023-03-22,659,"نشست","action_words",0,0,0,0,0,0,0,0,0,0,0,0,0
2023-03-22,660,"نشستم","action_words",0,0,0,0,0,0,0,0,0,0,0,0,0
2023-03-22,661,"نقاشی (کردن)","action_words",0,0,0,0,0,0,0,0,0,0,0,0,0
2023-03-22,662,"نکن","action_words",0,0,0,0,0,0,0,0,0,0,0,0,0
2023-03-22,663,"نگاه کن","action_words",0,0,0,0,0,0,0,0,0,0,0,0,0
2023-03-22,664,"نگاه می کنم","action_words",0,0,0,0,0,0,0,0,0,0,0,0,0
2023-03-22,665,"نیست","action_words",0,0,0,0,0,0,0,0,0,0,0,0,0
2023-03-22,666,"نماز (خواندن)","action_words",0,0,0,0,0,0,0,0,0,0,0,0,0
2023-03-22,667,"هل داد","action_words",0,0,0,0,0,0,0,0,0,0,0,0,0
2023-03-22,668,"بود","helping_verbs",0,0,0,0,0,0,0,0,0,0,0,0,0
2023-03-22,669,"بودم","helping_verbs",0,0,0,0,0,0,0,0,0,0,0,0,0
2023-03-22,670,"بودند","helping_verbs",0,0,0,0,0,0,0,0,0,0,0,0,0
2023-03-22,671,"بودی","helping_verbs",0,0,0,0,0,0,0,0,0,0,0,0,0
2023-03-22,672,"بودیم","helping_verbs",0,0,0,0,0,0,0,0,0,0,0,0,0
2023-03-22,673,"دارم","helping_verbs",0,0,0,0,0,0,0,0,0,0,0,0,0
2023-03-22,674,"داری","helping_verbs",0,0,0,0,0,0,0,0,0,0,0,0,0
2023-03-22,675,"دارند","helping_verbs",0,0,0,0,0,0,0,0,0,0,0,0,0
2023-03-22,676,"دارید","helping_verbs",0,0,0,0,0,0,0,0,0,0,0,0,0
2023-03-22,677,"داریم","helping_verbs",0,0,0,0,0,0,0,0,0,0,0,0,0
2023-03-22,678,"می خواهم","helping_verbs",0,0,0,0,0,0,0,0,0,0,0,0,0
2023-03-22,679,"می خواهی","helping_verbs",0,0,0,0,0,0,0,0,0,0,0,0,0
2023-03-22,680,"می خواهیم","helping_verbs",0,0,0,0,0,0,0,0,0,0,0,0,0
2023-03-22,681,"نمی دهم","helping_verbs",0,0,0,0,0,0,0,0,0,0,0,0,0
2023-03-22,682,"نمی دهد","helping_verbs",0,0,0,0,0,0,0,0,0,0,0,0,0
2023-03-22,683,"نمی دهی","helping_verbs",0,0,0,0,0,0,0,0,0,0,0,0,0
2023-03-22,684,"نمی دهید","helping_verbs",0,0,0,0,0,0,0,0,0,0,0,0,0
2023-03-22,685,"نمی دهیم","helping_verbs",0,0,0,0,0,0,0,0,0,0,0,0,0
2023-03-22,686,"نمی خواهم","helping_verbs",0,0,0,0,0,0,0,0,0,0,0,0,0
2023-03-22,687,"نمی خواهی","helping_verbs",0,0,0,0,0,0,0,0,0,0,0,0,0
2023-03-22,688,"نمی خواهیم","helping_verbs",0,0,0,0,0,0,0,0,0,0,0,0,0
