Words,p1,p2,p3,p4,p5,p6,p7,p8,p9,p10,p11,p12,p13,p14,p15,p16,p17,p18,p19,p20,mean,std,%unknown
aandachtig,2,6,2,3,4,3,5,7,5,6,3,4,5,3,4,4,4,5,4,5,4.20,1.32,0
aandrijvend,4,2,1,4,4,5,3,2,4,3,3,5,4,4,3,3,2,5,4,5,3.50,1.15,0
aangenaam,3,4,3,1,4,3,5,7,3,5,3,3,5,4,4,5,2,3,5,4,3.80,1.32,0
aangrijpend,4,4,5,1,5,2,6,4,4,6,1,1,5,5,6,5,3,6,6,5,4.20,1.74,0
aanstaand,1,1,3,3,1,3,3,2,5,7,3,1,4,6,2,5,3,5,3,5,3.30,1.75,0
aantrekkelijk,6,6,4,6,4,1,3,2,5,3,4,5,3,6,2,3,3,4,5,5,4.00,1.49,0
aanwezig,5,5,7,5,7,4,7,5,6,7,6,7,7,5,6,5,7,6,6,7,6.00,0.97,0
aanzienlijk,3,4,7,3,4,1,5,5,3,4,1,4,3,3,3,2,3,2,1,5,3.30,1.53,0
aardig,7,7,5,4,5,5,4,7,6,5,7,5,4,5,3,6,6,3,3,4,5.05,1.36,0
aards,5,6,2,3,4,2,3,2,4,3,4,3,4,3,4,3,NaN,1,6,5,3.53,1.35,0.05
aarzelend,4,6,3,2,5,4,5,7,4,6,6,2,5,4,5,5,4,4,6,3,4.50,1.36,0
abnormaal,6,2,5,5,4,2,2,3,5,4,3,6,3,1,3,2,3,6,4,4,3.65,1.50,0
absoluut,7,2,5,7,4,7,1,2,3,2,2,6,2,1,1,3,2,4,5,4,3.50,2.06,0
abstract,7,4,6,4,1,5,2,1,6,1,2,5,1,1,7,4,4,7,1,2,3.55,2.28,0
achteloos,NaN,6,7,5,4,3,2,2,2,3,3,3,5,4,2,4,NaN,NaN,4,5,3.76,1.48,0.15
achterbaks,7,6,4,5,4,5,2,3,3,4,3,5,4,2,5,4,2,4,5,4,4.05,1.32,0
achterlijk,5,5,4,4,5,4,2,3,4,3,3,5,3,5,4,2,1,6,3,3,3.70,1.26,0
achtste,6,7,7,7,7,6,7,7,5,7,7,7,7,6,7,7,7,7,7,7,6.75,0.55,0
actief,4,6,7,6,7,3,5,7,6,5,6,5,5,1,5,6,4,5,3,6,5.10,1.52,0
actueel,3,6,4,1,4,3,6,4,5,6,5,6,5,5,6,5,5,4,5,3,4.55,1.32,0
adembenemend,5,7,5,5,3,5,2,2,5,4,5,3,3,6,3,3,5,2,3,5,4.05,1.43,0
afgelopen,5,5,4,7,4,4,5,7,7,6,3,5,7,4,6,6,3,5,6,6,5.25,1.29,0
afgrijselijk,6,4,4,5,3,4,2,5,4,3,3,4,2,4,5,3,2,6,3,4,3.80,1.20,0
afhankelijk,4,3,6,5,4,3,4,2,6,7,7,5,5,6,3,7,6,5,5,5,4.90,1.45,0
afschuwelijk,4,5,5,3,4,5,2,5,5,3,2,6,3,4,4,4,2,4,6,5,4.05,1.23,0
afstandelijk,6,4,5,4,2,2,2,3,4,3,3,4,1,2,5,4,4,1,4,4,3.35,1.35,0
afstotelijk,7,7,5,3,2,1,2,4,6,4,5,5,3,5,5,2,2,4,4,5,4.05,1.70,0
afwezig,4,4,7,3,5,7,2,1,5,6,5,4,5,2,3,4,6,4,1,4,4.10,1.74,0
afzienbaar,3,3,4,4,4,1,5,4,3,4,3,3,5,4,4,1,1,2,3,1,3.10,1.29,0
agressief,7,7,5,5,5,6,3,4,6,4,3,6,4,5,6,6,6,2,5,5,5.00,1.34,0
algemeen,5,5,6,2,4,2,5,6,5,4,4,5,4,3,1,5,4,2,1,5,3.90,1.55,0
allerbest,2,4,7,4,4,7,1,1,5,4,1,6,3,2,4,2,3,2,7,6,3.75,2.05,0
amateuristisch,6,7,5,6,3,5,2,3,6,4,5,7,4,4,3,2,3,6,5,4,4.50,1.54,0
ambitieus,4,5,7,4,5,6,4,5,4,5,4,5,4,4,3,5,4,2,1,4,4.25,1.29,0
Amerikaans,3,6,5,5,7,7,7,7,5,4,2,5,7,6,7,7,6,3,5,7,5.55,1.57,0
amper,3,1,4,2,4,4,1,3,4,3,1,1,1,1,1,3,1,1,3,4,2.30,1.30,0
angstig,6,6,7,4,7,5,7,1,4,5,2,6,3,3,2,7,3,3,1,6,4.40,2.06,0
antiek,4,5,4,6,6,7,5,6,4,3,3,6,5,2,6,5,7,7,6,6,5.15,1.42,0
apart,5,2,7,4,4,7,5,2,7,6,7,3,4,4,1,3,5,5,2,7,4.50,1.93,0
arm,2,5,3,2,6,4,5,1,5,6,5,5,5,4,4,6,3,1,3,3,3.90,1.59,0
armoedig,3,4,7,5,5,5,5,1,4,4,5,5,1,2,4,4,5,3,1,5,3.90,1.62,0
arrogant,7,6,5,6,5,6,3,3,6,3,2,6,2,5,5,4,5,4,4,5,4.60,1.43,0
artistiek,5,6,5,3,2,6,3,2,3,4,3,5,5,4,5,4,6,4,2,4,4.05,1.32,0
asociaal,5,7,3,6,4,4,2,3,6,3,2,5,3,3,5,4,3,5,4,5,4.10,1.37,0
asymmetrisch,7,7,5,7,3,7,5,7,7,4,3,6,7,2,4,6,2,2,6,7,5.20,1.94,0
avondlijk,5,5,NaN,6,4,5,3,1,6,3,3,NaN,3,NaN,3,5,1,NaN,3,4,3.75,1.53,0.2
baldadig,NaN,3,7,NaN,4,4,4,2,2,3,1,NaN,4,NaN,1,4,5,NaN,4,4,3.47,1.55,0.25
bang,2,5,2,1,4,5,5,7,3,6,3,3,5,4,5,6,3,6,4,2,4.05,1.64,0
bar,NaN,5,NaN,3,5,NaN,2,5,7,7,6,4,2,5,2,6,4,2,1,7,4.29,1.99,0.15
barbaars,2,5,6,2,5,5,5,6,3,5,5,5,5,4,4,5,5,4,4,3,4.40,1.14,0
bazig,1,1,5,5,5,4,5,3,5,5,1,5,3,5,5,6,6,3,5,5,4.15,1.60,0
bebost,6,7,4,7,3,5,NaN,7,NaN,6,5,5,6,3,5,6,7,3,5,7,5.39,1.42,0.1
bebouwd,7,6,3,6,3,7,6,4,6,3,5,5,5,1,5,5,6,4,5,6,4.90,1.52,0
bedaard,NaN,5,2,2,5,4,5,5,4,4,NaN,4,1,2,3,1,3,2,1,3,3.11,1.45,0.1
bedekt,3,6,2,3,5,6,5,5,5,4,NaN,5,2,3,3,3,4,5,1,5,3.95,1.43,0.05
bedrukt,5,6,4,6,3,7,5,3,4,5,4,3,4,2,3,2,7,1,4,5,4.15,1.63,0
befaamd,NaN,5,7,5,5,2,4,NaN,5,4,NaN,4,2,4,3,4,3,1,1,5,3.76,1.60,0.15
begaafd,7,5,5,7,5,6,2,2,5,3,3,5,1,4,4,4,2,7,4,4,4.25,1.74,0
begrijpelijk,4,5,6,1,3,3,5,5,3,6,4,2,5,4,6,3,2,4,3,4,3.90,1.41,0
beige,7,7,5,7,4,5,7,7,6,5,7,6,2,6,5,6,7,5,7,7,5.90,1.33,0
bejaard,2,6,5,7,7,2,6,7,5,4,7,5,7,5,6,5,6,5,4,5,5.30,1.49,0
beknopt,5,2,6,4,4,4,6,2,5,5,7,5,5,5,3,5,3,5,4,4,4.45,1.28,0
bekommerd,3,4,7,4,4,4,3,5,5,4,2,5,4,3,3,3,3,2,1,4,3.65,1.31,0
bekrompen,NaN,3,7,5,5,3,5,1,3,4,1,5,2,3,2,2,3,3,1,5,3.32,1.67,0.05
bekwaam,7,4,5,2,6,6,2,2,4,3,2,5,2,1,5,4,2,2,4,5,3.65,1.73,0
belachelijk,4,5,5,6,4,4,2,3,5,3,2,2,1,3,4,4,1,7,5,4,3.70,1.59,0
belangrijk,3,5,5,1,2,4,5,7,6,6,1,4,5,5,5,7,4,6,4,4,4.45,1.70,0
belangrijker,2,5,7,5,7,1,5,2,5,5,1,6,6,4,6,4,2,1,1,4,3.95,2.09,0
belangrijkst,7,7,2,7,5,5,6,4,6,6,7,3,7,5,5,1,6,4,5,4,5.10,1.71,0
belangstellend,3,1,6,6,4,2,5,2,4,6,7,5,5,5,4,5,3,5,4,7,4.45,1.64,0
beminnelijk,3,3,6,6,4,2,5,2,4,5,5,1,4,3,3,6,6,5,3,4,4.00,1.49,0
benauwd,2,5,4,4,4,3,5,7,4,5,4,2,5,5,4,4,3,5,5,2,4.10,1.25,0
bepaald,2,5,7,4,6,3,6,1,6,4,1,3,1,3,2,5,4,3,1,3,3.50,1.88,0
beperkt,4,3,7,3,4,7,3,3,5,5,7,2,4,3,2,5,4,5,4,6,4.30,1.56,0
bergachtig,7,4,5,7,2,6,6,7,5,5,7,6,5,5,6,5,6,7,6,6,5.65,1.23,0
beroemd,5,5,6,1,7,4,7,7,4,6,6,4,5,4,6,5,4,4,5,5,5.00,1.41,0
beschikbaar,3,6,2,2,5,4,5,6,5,7,7,3,5,4,4,2,3,7,6,2,4.40,1.76,0
besmeurd,3,6,7,4,4,7,5,2,4,5,5,7,4,4,2,6,3,7,5,5,4.75,1.59,0
best,2,6,5,7,4,2,6,7,5,4,6,2,4,5,1,3,4,4,1,4,4.10,1.83,0
bestaand,1,2,6,3,4,7,7,2,4,1,6,2,6,6,4,5,5,7,4,7,4.45,2.06,0
beter,5,5,5,4,4,5,3,6,5,5,7,4,3,3,2,2,1,3,2,3,3.85,1.53,0
betrokken,5,6,4,4,6,3,2,2,3,3,3,2,3,1,4,2,1,2,5,5,3.30,1.53,0
betrouwbaar,5,6,6,6,4,5,4,2,7,7,7,4,4,6,2,6,7,2,5,7,5.10,1.71,0
betweterig,6,7,4,5,5,5,2,5,4,4,2,6,3,6,4,4,6,4,4,5,4.55,1.32,0
bevallig,5,5,1,4,3,6,4,3,NaN,4,2,NaN,3,2,2,5,4,3,2,4,3.44,1.34,0.1
bevreesd,3,5,7,5,1,2,5,4,7,6,5,4,4,3,4,5,5,5,4,4,4.40,1.47,0
bewolkt,4,4,3,5,6,7,5,6,6,4,3,7,6,2,4,6,6,7,4,4,4.95,1.47,0
bewust,3,5,4,1,4,2,5,5,4,6,1,2,5,4,5,5,2,5,3,1,3.60,1.60,0
bezet,4,4,4,7,4,2,5,3,5,6,3,7,7,2,7,7,4,7,7,7,5.10,1.83,0
bezig,3,6,7,4,3,3,6,3,4,6,7,3,4,6,2,5,4,7,5,5,4.65,1.57,0
bezitterig,6,7,5,4,5,4,2,2,5,4,3,4,3,4,5,5,6,1,5,5,4.25,1.48,0
bezorgd,3,5,2,3,4,3,5,7,4,6,4,3,5,4,4,5,4,6,5,5,4.35,1.23,0
Bijbels,6,6,4,1,7,5,2,2,6,4,3,6,6,1,6,3,6,1,6,6,4.35,2.06,0
bijdehand,5,7,5,4,4,4,2,2,3,3,2,6,2,3,4,2,4,2,3,5,3.60,1.47,0
bijzonder,5,5,5,2,4,6,4,7,7,6,5,3,6,5,5,4,6,3,5,5,4.90,1.29,0
bitsig,NaN,3,7,3,4,5,5,6,3,5,2,4,2,3,2,NaN,4,2,1,5,3.67,1.61,0.1
bitter,3,4,7,4,5,2,3,2,4,4,5,5,6,4,6,5,2,5,5,7,4.40,1.50,0
bizar,6,3,4,5,3,4,1,3,3,4,3,2,2,3,3,2,7,5,3,3,3.45,1.43,0
blank,6,4,4,7,5,4,5,7,6,7,4,5,5,6,6,7,5,7,5,4,5.45,1.15,0
blauw,7,6,7,7,7,6,6,7,5,6,7,4,7,6,6,7,6,7,5,7,6.30,0.86,0
bleek,5,7,7,3,6,7,6,5,6,5,5,5,5,4,6,2,3,4,5,5,5.05,1.36,0
blij,5,4,4,3,7,4,6,1,5,4,2,5,5,3,3,5,4,2,1,6,3.95,1.64,0
blind,7,3,7,4,6,7,6,7,7,7,7,7,7,6,6,6,7,7,6,7,6.35,1.09,0
bloedig,4,2,7,5,4,7,3,5,4,6,7,5,2,6,1,4,5,4,5,4,4.50,1.67,0
bloedrood,5,6,4,7,7,5,6,2,7,5,3,7,6,1,7,5,7,7,7,7,5.55,1.82,0
blond,7,7,3,7,7,7,6,7,7,7,3,7,7,5,7,7,6,7,7,6,6.35,1.27,0
bloot,2,6,7,5,5,7,4,7,6,6,7,7,6,3,6,5,6,7,6,7,5.75,1.41,0
blut,7,6,7,5,4,7,6,7,7,7,7,7,6,3,5,6,6,7,5,6,6.05,1.15,0
bol,3,1,6,2,7,5,5,7,4,6,7,7,6,6,6,4,2,7,5,5,5.05,1.85,0
bont,6,6,5,2,3,4,2,5,7,4,3,4,5,2,2,5,3,7,1,6,4.10,1.80,0
boos,2,6,2,4,6,5,5,4,6,5,5,6,3,5,4,5,6,4,4,5,4.60,1.23,0
bot,3,4,7,2,5,3,3,3,4,4,3,5,1,4,2,4,4,4,1,6,3.60,1.50,0
bovengenoemd,4,4,6,7,6,5,5,3,NaN,5,4,7,4,5,7,7,6,6,7,7,5.53,1.31,0.05
braaf,5,5,3,4,4,5,3,7,5,4,7,4,3,3,3,2,5,4,3,4,4.15,1.31,0
brandend,5,6,5,6,7,7,4,4,6,6,5,7,4,3,5,4,4,7,5,5,5.25,1.21,0
breed,3,5,2,4,1,2,5,7,4,6,3,2,5,3,4,5,4,6,4,5,4.00,1.56,0
briljant,6,6,5,5,4,4,5,7,4,3,7,2,3,4,5,4,6,2,5,4,4.55,1.43,0
Brits,7,7,5,1,7,7,7,3,7,7,1,7,2,2,7,3,1,7,7,7,5.10,2.53,0
broeds,2,NaN,5,4,2,NaN,NaN,5,4,3,NaN,2,1,NaN,2,2,3,2,5,3,3.00,1.31,0.25
bruikbaar,7,2,5,4,4,5,3,2,5,3,2,2,2,2,5,5,3,6,6,5,3.90,1.62,0
bruin,6,6,1,5,7,4,6,7,6,7,6,6,7,5,6,7,2,5,5,7,5.55,1.64,0
brutaal,4,6,5,5,4,4,5,7,4,6,6,3,5,4,4,5,5,4,6,6,4.90,1.02,0
bruut,4,6,7,5,4,5,2,2,5,6,5,2,4,3,2,5,7,5,4,4,4.35,1.57,0
buitengewoon,2,4,4,1,5,3,5,1,2,5,2,3,5,5,5,6,2,1,5,3,3.45,1.64,0
bulderend,NaN,5,7,3,4,4,5,4,4,5,2,4,2,2,2,5,4,6,4,6,4.11,1.45,0.05
burgerlijk,3,6,5,1,3,5,7,6,5,3,3,1,5,5,5,6,6,6,3,3,4.35,1.73,0
capabel,4,4,5,4,4,5,4,1,5,7,6,3,6,5,7,5,3,3,7,4,4.60,1.54,0
centraal,4,4,7,7,6,4,6,4,5,6,4,4,7,5,5,4,5,4,5,7,5.15,1.18,0
chagrijnig,6,6,4,4,4,6,4,6,3,5,5,7,6,6,6,3,6,3,6,7,5.15,1.31,0
chaotisch,1,4,2,2,5,3,5,7,3,4,2,3,5,4,6,6,6,6,6,2,4.10,1.77,0
charmant,6,7,3,4,4,4,2,4,4,4,5,3,3,5,5,4,5,3,3,5,4.15,1.18,0
chique,5,4,4,4,5,6,4,5,5,3,3,4,3,5,4,3,7,5,2,4,4.25,1.16,0
cirkelvormig,7,7,5,7,3,7,7,7,6,4,6,7,7,6,6,6,7,5,7,7,6.20,1.15,0
commercieel,7,5,3,4,5,1,3,2,4,3,3,3,3,5,4,4,3,3,4,4,3.65,1.27,0
communistisch,4,5,7,6,6,7,7,7,3,6,6,5,7,5,4,7,4,7,5,6,5.70,1.26,0
compleet,3,7,3,1,4,3,5,4,6,7,4,6,5,4,5,5,3,7,4,7,4.65,1.66,0
conventioneel,2,6,NaN,1,1,3,NaN,6,NaN,NaN,3,4,5,4,4,5,4,1,2,5,3.50,1.71,0.2
correct,3,5,7,5,4,7,7,7,7,6,4,5,5,2,3,3,3,4,5,5,4.85,1.60,0
corrupt,6,5,7,6,7,5,6,5,4,6,6,5,3,6,4,6,3,2,7,6,5.25,1.41,0
creatief,6,6,5,5,6,4,2,4,4,4,4,4,5,3,5,5,7,6,4,6,4.75,1.21,0
cultureel,7,3,7,6,3,1,6,2,5,5,7,5,5,6,3,5,5,1,5,7,4.70,1.92,0
dagelijks,7,7,3,7,1,4,7,7,7,6,7,6,7,6,6,7,6,7,6,6,6.00,1.59,0
dankbaar,5,4,7,6,4,5,6,2,6,7,6,5,4,5,3,6,7,5,5,4,5.10,1.33,0
dapper,5,6,5,4,4,5,4,7,5,4,6,6,3,5,4,6,6,4,4,4,4.85,1.04,0
decadent,5,7,3,5,4,3,2,2,NaN,3,3,6,3,NaN,5,4,4,NaN,5,3,3.94,1.39,0.15
definitief,3,6,6,1,6,3,7,7,7,7,5,3,5,6,5,6,5,7,5,7,5.35,1.69,0
deftig,1,6,7,4,7,5,5,6,4,5,2,5,3,5,5,5,5,3,1,5,4.45,1.70,0
democratisch,5,5,7,5,6,7,5,7,4,5,6,4,4,4,4,7,3,6,5,6,5.25,1.21,0
depressief,5,7,5,6,4,6,2,6,5,3,2,7,2,4,4,4,5,4,5,5,4.55,1.50,0
derde,7,7,3,7,2,1,7,4,4,7,2,7,7,1,7,NaN,7,7,7,7,5.32,2.38,0.05
deugdzaam,4,3,6,6,5,5,3,2,5,6,3,2,5,5,1,6,NaN,2,3,5,4.05,1.61,0.05
dicht,3,2,7,7,5,2,6,6,7,7,1,7,6,5,3,6,4,7,3,3,4.85,2.03,0
dichtbij,3,6,7,4,6,1,2,4,6,5,5,6,2,4,5,5,2,4,1,6,4.20,1.82,0
dichter,3,2,7,3,3,7,5,2,7,5,6,3,6,2,2,5,5,5,4,4,4.30,1.75,0
diep,3,4,4,1,3,1,5,3,4,6,3,3,5,5,3,6,4,6,4,2,3.75,1.48,0
dieper,3,5,4,5,1,1,6,3,4,2,5,2,5,5,5,5,6,5,7,7,4.30,1.78,0
diepzinnig,4,6,7,5,4,2,5,2,5,7,7,3,4,3,4,5,6,5,5,6,4.75,1.52,0
dierbaar,4,4,7,5,5,4,3,7,6,5,4,5,6,4,5,6,5,2,5,3,4.75,1.29,0
dik,3,6,7,3,4,7,5,4,7,7,7,5,5,5,4,6,7,7,6,7,5.60,1.43,0
direct,5,6,7,4,5,3,4,2,7,5,7,5,5,6,5,2,7,5,3,4,4.85,1.57,0
doeltreffend,NaN,4,7,4,4,7,5,5,4,5,2,5,5,4,4,6,4,3,1,4,4.37,1.46,0.05
dof,5,5,2,4,4,5,3,2,4,3,3,2,2,1,6,5,6,7,6,4,3.95,1.67,0
dol,3,5,3,1,3,2,5,3,3,4,3,2,5,5,4,2,2,5,3,2,3.25,1.25,0
dom,2,4,4,4,7,5,5,2,5,4,1,5,6,2,3,6,3,3,1,7,3.95,1.82,0
dominant,5,5,7,5,7,2,6,5,6,5,3,6,4,5,4,7,3,3,1,6,4.75,1.68,0
donker,5,5,5,4,6,7,5,4,7,6,2,7,5,1,6,7,6,6,6,5,5.25,1.59,0
dood,7,7,5,7,7,7,7,7,7,7,4,7,7,5,6,7,6,1,6,7,6.20,1.51,0
doof,7,6,7,5,5,5,6,7,7,7,7,7,7,6,7,7,6,7,5,7,6.40,0.82,0
doordringend,1,3,7,4,3,1,6,4,4,4,5,4,5,3,3,5,6,3,7,6,4.20,1.70,0
doorzichtig,6,7,7,6,4,2,4,4,6,6,1,7,7,4,6,6,6,7,6,6,5.40,1.70,0
dor,4,3,7,6,5,4,2,2,4,5,2,3,6,2,3,5,4,4,3,3,3.85,1.46,0
dorstig,4,3,7,6,4,5,5,4,5,7,7,7,4,4,5,6,5,7,5,4,5.20,1.28,0
dramatisch,4,3,7,5,4,1,5,2,7,7,5,5,3,3,5,6,6,5,6,7,4.80,1.74,0
dreigend,6,5,5,2,4,7,6,7,4,4,6,2,5,4,4,5,3,4,5,5,4.65,1.39,0
driehoekig,7,6,5,7,6,7,7,7,6,5,7,7,7,7,7,7,7,5,7,6,6.50,0.76,0
driftig,3,4,4,1,5,3,5,3,4,4,4,1,5,5,3,4,4,3,5,3,3.65,1.18,0
droevig,5,7,3,3,5,6,4,5,7,6,3,6,5,2,7,5,4,5,5,4,4.85,1.42,0
dromerig,6,6,5,2,3,4,3,2,5,4,3,4,4,4,6,2,5,5,3,3,3.95,1.32,0
dronken,6,7,7,5,4,5,6,4,7,7,7,7,5,6,4,6,6,7,6,6,5.90,1.07,0
droog,5,5,7,2,6,7,6,5,6,6,7,5,5,4,2,5,6,2,1,7,4.95,1.85,0
druk,4,4,5,6,6,3,5,3,6,5,4,4,3,2,5,7,6,6,5,4,4.65,1.31,0
duidelijk,7,6,7,4,5,1,6,4,7,7,7,7,2,5,6,7,7,3,5,5,5.40,1.82,0
duister,5,5,4,2,4,6,2,4,6,5,4,3,5,3,6,6,3,7,6,6,4.60,1.47,0
dun,6,6,5,6,5,1,5,5,5,6,3,5,3,5,3,6,4,7,3,4,4.65,1.46,0
duur,4,6,6,5,4,7,5,3,7,7,7,2,4,5,4,7,7,5,5,6,5.30,1.49,0
duurzaam,5,5,7,5,6,5,5,1,3,4,4,5,2,3,3,2,4,2,5,3,3.95,1.54,0
dwaas,NaN,4,7,3,5,2,3,1,5,4,1,5,2,3,2,2,4,4,1,4,3.26,1.63,0.05
dwars,3,5,5,3,6,5,6,2,4,4,1,5,3,2,2,3,3,3,1,6,3.60,1.60,0
echt,2,4,7,2,6,7,3,6,5,4,1,3,5,1,4,1,5,2,1,6,3.75,2.07,0
economisch,4,6,7,2,6,3,5,7,5,5,6,7,5,5,5,6,6,6,4,6,5.30,1.30,0
edel,2,3,7,4,5,4,5,1,6,5,3,5,2,2,6,2,5,1,1,6,3.75,1.92,0
eens,4,6,1,1,2,1,5,1,2,1,1,2,5,6,6,1,2,7,2,1,2.85,2.16,0
eentonig,7,1,5,5,6,6,4,3,4,3,3,4,2,1,5,4,2,1,5,4,3.75,1.74,0
eenvoudig,5,5,6,4,4,1,6,6,5,4,4,4,4,1,2,6,5,2,2,5,4.05,1.64,0
eerbiedwaardig,3,2,7,3,3,NaN,4,2,6,5,1,4,1,2,4,2,4,2,1,5,3.21,1.72,0.05
eerder,2,1,1,4,5,1,1,1,3,4,3,5,1,2,4,1,5,1,1,3,2.45,1.57,0
eerlijk,3,4,7,4,6,7,6,1,5,5,6,5,5,2,5,5,5,3,1,6,4.55,1.76,0
eeuwig,5,4,6,3,6,1,7,2,7,5,7,2,6,6,4,3,6,1,4,4,4.45,1.96,0
effectief,7,7,6,6,6,7,4,7,6,5,7,4,5,4,4,5,3,4,4,4,5.25,1.33,0
effen,3,3,4,7,4,5,5,2,7,6,3,1,7,5,3,6,4,7,3,3,4.40,1.82,0
efficiënt,5,6,6,6,4,7,2,2,5,3,5,4,3,5,6,5,4,5,5,4,4.60,1.35,0
egaal,5,7,5,6,3,7,3,7,4,5,4,6,4,2,4,4,7,7,6,6,5.10,1.55,0
egoïstisch,7,7,4,5,6,6,2,4,5,3,2,6,3,2,5,4,5,2,3,5,4.30,1.66,0
eigenaardig,3,6,4,5,4,2,4,2,4,7,7,3,4,3,3,5,5,5,4,4,4.20,1.40,0
eigentijds,6,6,3,5,5,5,4,6,6,6,2,6,6,3,6,5,1,4,6,6,4.85,1.53,0
eindeloos,2,4,5,5,3,1,7,1,4,6,1,1,5,5,3,5,4,1,6,2,3.55,1.96,0
elegant,6,6,5,4,5,5,4,7,5,4,3,5,3,4,4,5,7,4,4,3,4.65,1.18,0
elliptisch,2,6,5,1,4,3,6,6,7,NaN,7,5,5,4,5,6,6,7,6,4,5.00,1.67,0.05
emotioneel,5,6,7,2,5,1,7,3,3,4,5,6,5,2,5,5,5,4,5,5,4.50,1.61,0
eng,4,4,4,5,4,5,5,6,5,5,1,4,3,5,3,4,7,4,3,3,4.20,1.28,0
Engels,3,2,5,7,7,7,7,7,6,7,7,4,7,5,6,7,7,4,7,6,5.90,1.55,0
enig,3,6,7,2,3,7,7,2,4,5,4,3,2,3,1,6,6,5,5,4,4.25,1.86,0
enkel,5,5,5,5,4,2,7,3,4,6,3,7,7,1,4,5,1,6,4,6,4.50,1.82,0
enkele,3,1,4,5,2,4,1,4,4,5,2,2,1,1,3,5,1,5,2,2,2.85,1.53,0
enorm,3,5,3,1,4,3,6,7,3,7,2,3,5,3,4,4,3,1,3,4,3.70,1.66,0
enthousiast,6,6,6,7,5,6,2,5,6,3,3,5,3,5,6,4,3,5,5,6,4.85,1.39,0
erg,6,6,5,1,4,2,3,5,4,2,2,3,3,5,1,7,6,4,1,4,3.70,1.84,0
ernstig,2,6,2,1,4,3,5,7,4,6,5,4,5,5,5,6,3,4,5,4,4.30,1.53,0
essentieel,5,5,3,4,4,4,3,5,5,5,7,5,3,5,3,5,4,2,3,4,4.20,1.15,0
euforisch,6,7,5,6,4,4,2,3,6,3,2,5,6,4,4,3,4,6,4,5,4.45,1.43,0
excellent,2,6,6,1,3,2,5,4,3,7,1,2,5,3,4,4,3,1,4,5,3.55,1.76,0
exclusief,2,6,7,4,7,6,7,5,7,5,2,5,7,2,4,5,5,2,7,6,5.05,1.85,0
exotisch,4,2,3,6,4,5,5,7,5,4,5,3,2,5,3,5,5,1,5,6,4.25,1.52,0
extra,2,3,1,3,7,1,3,1,5,6,5,5,3,2,5,5,4,2,1,7,3.55,1.99,0
extravert,5,4,4,6,5,4,3,2,2,4,3,5,5,2,4,4,4,4,5,4,3.95,1.10,0
extreem,2,5,7,6,6,7,5,5,5,4,1,6,5,3,4,2,2,3,5,6,4.45,1.76,0
fair,2,5,7,3,5,7,6,7,3,5,3,5,7,2,3,5,3,3,1,6,4.40,1.90,0
fantastisch,3,7,5,6,3,4,2,2,5,4,3,5,1,5,4,4,3,4,2,5,3.85,1.50,0
fatsoenlijk,3,3,7,5,4,3,3,2,5,6,7,3,4,6,3,5,6,2,4,5,4.30,1.56,0
federaal,2,6,5,1,7,3,6,7,7,6,6,7,5,4,5,7,7,1,3,7,5.10,2.07,0
feeëriek,1,1,4,NaN,NaN,NaN,NaN,6,NaN,3,5,3,4,NaN,6,4,7,6,NaN,5,4.23,1.88,0.35
fel,4,4,4,5,4,3,5,5,5,6,2,3,2,2,3,5,7,4,3,4,4.00,1.34,0
ferm,2,4,1,1,2,2,5,1,NaN,6,2,3,5,3,5,5,1,3,3,4,3.05,1.61,0.05
fier,3,6,2,1,4,4,5,7,3,5,3,4,5,4,4,6,3,6,6,4,4.25,1.52,0
fijn,3,3,2,3,5,2,3,2,5,5,1,5,6,3,2,5,3,3,1,6,3.40,1.57,0
fiks,2,2,NaN,1,3,5,3,3,NaN,2,2,2,5,4,5,6,2,3,3,3,3.11,1.37,0.1
filosofisch,2,5,4,1,6,2,6,2,4,2,1,2,5,4,4,4,1,1,4,5,3.25,1.71,0
fiscaal,4,5,2,1,4,2,4,7,6,NaN,7,5,5,5,6,7,5,4,3,5,4.58,1.71,0.05
fit,2,2,1,5,5,6,4,6,5,5,6,5,5,4,5,5,5,4,5,4,4.45,1.36,0
flagrant,5,4,6,NaN,NaN,1,4,1,4,NaN,3,NaN,3,3,1,4,5,NaN,NaN,4,3.43,1.55,0.3
flauw,5,3,7,5,4,5,6,2,5,7,5,2,4,3,2,4,5,7,5,4,4.50,1.57,0
flets,4,3,7,4,7,4,4,5,4,5,2,5,NaN,2,2,3,3,2,1,5,3.79,1.65,0.05
fleurig,6,4,4,5,4,6,4,5,6,4,5,3,3,5,6,2,7,7,3,2,4.55,1.50,0
flink,3,5,1,1,4,3,5,1,3,6,3,3,5,4,5,5,2,4,4,3,3.50,1.47,0
fors,4,4,2,1,5,2,5,3,3,4,4,3,5,4,3,4,3,3,5,5,3.60,1.14,0
forser,1,1,3,6,2,2,5,1,5,3,NaN,6,3,5,5,5,5,7,5,4,3.89,1.85,0.05
forst,5,5,2,7,NaN,1,3,1,NaN,NaN,NaN,NaN,3,3,NaN,NaN,NaN,NaN,NaN,4,3.40,1.90,0.5
fout,6,6,4,1,6,4,5,7,5,6,3,3,5,6,6,3,6,7,3,7,4.95,1.67,0
fraai,1,2,5,5,4,6,4,2,5,4,NaN,4,3,2,4,5,4,4,4,4,3.79,1.27,0.05
Frans,7,6,6,5,7,6,7,4,6,4,2,7,7,6,7,7,7,7,6,7,6.05,1.36,0
frequent,5,6,4,1,7,7,5,3,4,4,4,2,5,5,3,6,5,6,5,1,4.40,1.73,0
frigide,NaN,3,4,2,2,5,NaN,NaN,4,4,NaN,3,1,4,3,3,NaN,2,1,5,3.07,1.28,0.25
fris,6,6,2,5,4,3,3,4,6,4,5,4,6,5,1,6,7,3,1,4,4.25,1.71,0
functioneel,2,4,7,5,6,4,4,5,5,5,1,5,1,4,5,2,4,2,1,3,3.75,1.74,0
fundamenteel,1,5,5,5,7,6,6,7,4,5,1,4,3,4,4,2,3,5,5,6,4.40,1.73,0
gaaf,NaN,3,1,3,4,3,3,1,5,4,6,5,3,2,2,4,3,2,1,4,3.11,1.41,0.05
gaar,7,2,6,6,4,7,2,2,7,7,7,5,6,6,4,4,4,6,4,5,5.05,1.73,0
gans,7,3,5,4,5,1,5,1,7,5,5,6,1,6,2,7,3,3,1,7,4.20,2.19,0
gebloemd,3,2,7,5,4,3,1,2,2,3,7,7,6,3,5,3,3,7,7,5,4.25,2.02,0
gebrekkig,5,1,4,4,4,5,2,5,4,4,5,3,2,4,4,2,1,7,3,4,3.65,1.50,0
gebruikelijk,5,5,6,5,4,1,4,2,7,6,1,4,1,1,5,5,6,3,5,3,3.95,1.90,0
gebruind,2,7,7,5,4,7,5,4,4,7,7,7,4,6,2,7,7,7,6,7,5.60,1.73,0
gedempt,2,6,2,1,4,2,5,7,5,4,7,2,5,4,4,5,4,5,4,5,4.15,1.66,0
gedetailleerd,2,5,4,5,4,3,7,7,5,6,6,4,5,3,5,5,6,7,5,5,4.95,1.36,0
gedrongen,NaN,4,4,3,NaN,5,3,1,4,4,4,6,4,5,3,4,5,1,4,4,3.78,1.26,0.1
geduldig,5,5,7,4,7,6,4,5,4,5,5,6,5,3,4,6,4,3,1,5,4.70,1.42,0
geel,7,7,7,7,7,7,7,7,7,7,3,7,7,1,7,7,7,7,7,7,6.50,1.57,0
geestelijk,5,5,7,3,4,6,5,5,4,4,5,5,5,4,3,4,2,2,1,5,4.20,1.44,0
geestig,6,6,5,5,4,5,4,3,7,6,2,4,6,3,3,5,6,3,3,4,4.50,1.40,0
geheel,4,6,7,2,6,7,6,3,7,7,5,1,6,3,6,6,2,3,4,2,4.65,2.01,0
geheim,5,5,5,4,6,6,5,7,5,6,2,5,7,3,3,5,4,1,3,7,4.70,1.66,0
geïnformeerd,5,5,4,2,5,3,5,6,5,4,2,4,5,5,4,3,5,3,5,6,4.30,1.17,0
gek,3,3,7,3,5,2,4,4,3,4,1,5,7,2,1,4,3,2,1,5,3.45,1.76,0
gekarteld,3,5,7,5,5,NaN,6,7,7,6,7,4,3,5,6,1,5,6,5,6,5.21,1.58,0.05
gekromd,4,4,2,5,4,5,5,1,5,5,2,3,4,4,6,NaN,6,5,6,6,4.32,1.45,0.05
gekruid,NaN,6,7,4,6,5,4,6,6,5,6,5,6,4,4,5,4,6,1,3,4.89,1.41,0.05
geldig,3,6,4,1,4,3,5,4,4,4,6,6,5,5,4,5,3,3,3,3,4.05,1.28,0
geleidelijk,3,5,3,1,4,5,5,4,4,5,4,3,5,4,4,5,3,4,5,3,3.95,1.05,0
geliefd,3,4,7,3,5,2,6,5,3,4,4,4,5,2,4,2,2,3,1,6,3.75,1.59,0
gelijk,4,6,6,2,4,2,6,2,5,5,7,3,6,5,1,6,5,1,4,5,4.25,1.83,0
gelukkig,5,5,5,2,5,5,5,6,5,4,7,5,4,5,4,3,4,3,4,4,4.50,1.10,0
gemakkelijk,3,4,5,1,1,4,5,7,3,5,2,2,5,3,3,3,2,1,4,1,3.20,1.67,0
gemeen,7,6,5,1,2,4,2,4,5,4,3,3,2,4,4,4,3,5,3,5,3.80,1.47,0
gemeenschappelijk,5,5,7,6,6,6,4,7,6,6,5,6,6,3,3,6,6,7,3,6,5.45,1.28,0
gemengd,3,5,7,3,6,4,3,4,4,5,2,4,3,3,3,4,5,2,1,3,3.70,1.42,0
gemiddeld,6,6,2,4,6,3,5,4,6,7,3,3,7,3,6,4,4,6,6,6,4.85,1.53,0
geneeskundig,4,6,7,6,6,7,6,7,4,5,3,5,2,5,5,6,7,7,1,5,5.20,1.70,0
geniaal,5,5,4,4,5,6,1,2,4,3,3,2,3,4,4,3,3,2,3,4,3.50,1.24,0
genoeg,3,1,4,1,5,4,1,3,5,3,3,2,1,1,3,2,3,5,3,5,2.90,1.45,0
genotypisch,NaN,1,6,6,NaN,2,5,2,4,4,6,6,5,6,6,7,6,NaN,7,5,4.94,1.78,0.15
gerespecteerd,2,4,7,4,6,2,4,4,5,5,6,5,7,4,4,5,4,2,7,5,4.60,1.54,0
gering,2,3,5,3,3,3,4,2,5,3,7,2,5,NaN,4,4,5,1,NaN,4,3.61,1.46,0.1
geringer,3,5,4,1,3,1,5,1,3,6,4,1,5,4,3,6,3,3,6,5,3.60,1.70,0
geringst,2,3,2,3,3,1,7,2,5,4,2,4,1,2,3,2,3,3,5,3,3.00,1.45,0
gesloten,4,5,2,5,3,3,5,5,4,6,2,3,5,5,6,6,4,6,5,6,4.50,1.32,0
gestorven,4,7,6,1,7,6,7,7,7,5,7,7,5,5,7,7,7,5,7,7,6.05,1.54,0
geurig,3,2,7,6,4,3,6,2,5,4,6,5,5,3,2,5,3,7,5,5,4.40,1.60,0
gevoelig,5,6,6,4,5,1,6,3,2,4,2,5,5,2,4,5,3,2,1,6,3.85,1.73,0
gevorderd,4,4,4,5,5,6,7,7,5,5,4,4,6,3,5,5,6,6,5,4,5.00,1.08,0
gevuld,3,5,7,4,6,5,6,1,7,6,2,5,6,5,3,5,6,2,1,7,4.60,1.96,0
geweldig,2,7,6,5,3,3,6,2,7,6,7,4,4,3,3,2,7,5,5,4,4.55,1.79,0
gewichtig,2,5,2,1,3,3,5,6,3,4,3,1,5,3,4,4,2,2,3,4,3.25,1.37,0
gewoon,1,6,3,2,4,4,4,2,6,5,5,1,4,3,3,1,4,5,2,5,3.50,1.61,0
gezellig,3,3,7,3,7,4,6,2,6,5,4,5,6,5,3,5,2,3,1,6,4.30,1.75,0
gezond,3,5,3,3,1,5,5,2,5,6,6,5,5,5,5,6,3,4,4,2,4.15,1.46,0
gierig,4,6,6,2,6,4,5,7,3,6,6,2,5,5,4,5,5,4,6,5,4.80,1.36,0
gigantisch,4,6,6,5,6,3,5,7,4,7,1,3,5,4,4,6,4,6,5,3,4.70,1.53,0
glad,5,6,6,4,4,4,6,4,7,1,6,6,6,4,2,2,6,7,5,4,4.75,1.68,0
glibberig,7,7,4,7,3,5,6,6,4,5,4,3,3,3,5,5,6,7,4,6,5.00,1.45,0
glooiend,1,NaN,4,NaN,NaN,5,5,7,NaN,4,6,2,3,NaN,2,4,4,4,5,NaN,4.00,1.62,0.3
godsdienstig,4,3,4,5,4,3,4,7,7,7,7,6,4,3,4,5,6,7,6,7,5.15,1.53,0
goed,3,3,2,1,4,1,6,7,3,3,2,3,5,4,5,5,1,4,2,3,3.35,1.66,0
goedkoop,7,1,4,3,3,7,5,5,6,6,3,6,4,5,4,3,2,7,2,6,4.45,1.82,0
golvend,5,6,3,7,3,6,6,7,5,5,4,6,4,5,3,5,7,4,6,6,5.15,1.31,0
goor,NaN,2,7,3,6,6,4,5,4,4,4,5,7,3,3,5,3,2,1,4,4.11,1.66,0.05
goud,7,7,3,7,5,7,7,7,7,6,6,6,6,7,5,7,7,5,7,7,6.30,1.08,0
gouden,3,6,7,5,6,7,6,7,7,6,7,5,3,6,5,7,5,6,1,5,5.50,1.61,0
graag,4,2,1,3,5,1,1,1,5,4,1,6,7,2,2,1,3,2,1,5,2.85,1.93,0
grandioos,7,7,3,4,5,6,6,1,5,5,7,3,6,2,7,3,4,3,7,5,4.80,1.85,0
grappig,4,6,7,6,4,4,5,2,7,7,7,5,5,6,3,6,7,7,6,5,5.45,1.47,0
grasgroen,6,7,7,7,7,6,7,7,6,6,7,5,7,5,6,7,6,7,3,7,6.30,1.03,0
gratis,7,6,7,6,7,7,7,7,7,7,7,7,6,4,7,7,5,7,7,7,6.60,0.82,0
grauw,4,5,2,1,2,2,5,7,2,4,3,3,5,4,5,3,2,5,5,4,3.65,1.53,0
grijs,5,6,7,5,7,7,7,7,7,6,6,5,2,5,6,5,6,7,7,7,6.00,1.26,0
groen,7,6,7,7,7,6,7,7,5,7,7,2,7,6,6,7,7,7,5,2,6.10,1.55,0
grof,3,6,4,3,3,4,5,7,3,6,3,2,5,4,5,3,4,5,5,6,4.30,1.34,0
groot,2,7,7,2,4,7,3,2,7,7,7,7,4,6,6,6,6,7,3,7,5.35,1.98,0
groots,5,6,7,3,4,1,5,2,5,6,7,3,4,3,4,3,5,5,4,6,4.40,1.60,0
grootst,5,6,2,5,6,2,2,1,4,5,NaN,6,7,2,2,4,4,2,1,4,3.68,1.89,0.05
groter,2,5,4,5,6,4,5,1,5,6,6,5,5,4,6,7,5,7,7,7,5.10,1.59,0
gul,NaN,5,7,3,7,2,3,1,4,4,NaN,5,NaN,4,4,6,4,2,1,4,3.88,1.80,0.15
gunstig,3,5,4,1,4,5,5,2,4,6,5,4,5,5,5,3,3,2,4,2,3.85,1.35,0
guur,4,4,5,1,2,2,5,3,NaN,3,3,3,5,NaN,4,3,2,2,5,5,3.39,1.29,0.1
haastig,4,6,3,1,4,4,5,4,4,7,5,6,5,4,4,4,3,4,6,4,4.35,1.31,0
half,4,7,7,4,6,7,7,7,6,6,1,5,1,5,3,3,5,2,1,7,4.70,2.20,0
handig,4,5,7,5,7,1,6,6,6,5,6,5,4,2,5,5,4,3,1,5,4.60,1.73,0
hangend,5,1,7,6,4,7,7,2,5,4,3,5,2,3,4,7,2,2,6,5,4.35,1.95,0
hangerig,4,4,3,3,4,4,4,1,3,3,2,1,4,2,5,5,5,4,5,4,3.50,1.24,0
hard,2,2,4,4,7,6,4,3,6,7,3,4,3,4,6,6,6,4,6,6,4.65,1.60,0
harig,6,7,4,7,2,5,7,7,6,5,5,6,4,4,6,5,7,5,3,7,5.40,1.47,0
hartelijk,3,3,6,4,4,1,3,2,5,6,5,2,5,4,3,5,5,2,3,5,3.80,1.44,0
hartig,4,3,6,5,4,2,2,2,6,6,5,3,5,3,2,5,3,1,3,5,3.75,1.55,0
hecht,NaN,3,7,4,3,5,6,1,4,5,4,5,3,3,3,5,3,2,1,4,3.74,1.56,0.05
hedendaags,NaN,2,5,6,6,2,7,2,2,5,3,3,2,3,3,6,4,2,5,5,3.84,1.71,0.05
heel,2,3,1,1,4,1,6,2,4,4,2,1,2,5,1,1,5,7,6,4,3.10,1.97,0
heerlijk,2,2,3,4,6,5,3,7,2,4,1,5,7,3,3,2,3,2,1,5,3.50,1.82,0
hees,NaN,6,7,4,7,4,4,5,4,6,7,5,6,5,4,4,5,2,1,7,4.89,1.66,0.05
heet,6,6,5,6,6,4,5,3,6,5,7,4,4,4,7,7,6,6,7,4,5.40,1.23,0
heftig,2,3,6,5,3,7,5,2,5,5,5,5,4,6,3,2,6,5,5,4,4.40,1.47,0
heilig,5,2,7,6,4,1,4,2,7,6,5,7,6,6,1,1,6,1,5,4,4.30,2.20,0
heimelijk,1,5,7,5,NaN,5,3,2,NaN,5,3,7,4,5,5,4,4,4,5,3,4.28,1.53,0.1
hel,5,4,7,3,7,5,4,2,7,5,2,4,7,5,2,7,2,3,1,4,4.30,1.98,0
helder,3,6,4,7,1,5,3,7,4,7,5,1,5,5,6,7,2,6,6,2,4.60,2.01,0
hellend,3,6,4,3,4,3,2,4,5,5,6,2,5,3,2,3,NaN,7,5,5,4.05,1.47,0.05
hemels,5,5,5,5,4,4,3,7,6,4,3,4,4,3,2,6,6,2,2,3,4.15,1.46,0
herhaald,3,3,4,7,5,5,4,3,7,6,4,5,6,3,4,7,6,7,4,7,5.00,1.52,0
hersteld,NaN,5,2,4,5,7,4,2,5,6,2,6,4,3,4,4,5,5,1,5,4.16,1.57,0.05
heus,2,3,3,2,2,2,1,2,5,4,3,1,3,4,1,3,3,1,3,5,2.65,1.23,0
heuvelachtig,5,5,4,7,2,5,6,7,6,6,5,5,6,6,6,5,6,6,2,5,5.25,1.33,0
hevig,5,5,4,5,4,6,4,6,5,4,3,3,3,4,2,6,6,3,2,4,4.20,1.28,0
hip,4,4,5,4,4,4,3,1,3,6,3,4,1,2,4,3,5,2,4,4,3.50,1.28,0
hoekig,7,1,2,7,4,6,5,7,6,5,5,5,6,4,6,6,7,5,6,6,5.30,1.59,0
hoger,5,5,6,3,3,3,6,4,5,7,6,5,5,4,5,7,5,7,6,6,5.15,1.27,0
hol,2,6,3,1,4,2,6,1,6,7,6,2,5,6,6,3,5,1,5,6,4.15,2.06,0
homoseksueel,4,6,7,6,7,7,7,6,4,6,7,6,7,5,6,7,7,4,7,7,6.15,1.09,0
hoog,3,6,6,3,4,7,5,5,7,7,7,7,4,6,5,7,4,7,4,7,5.55,1.47,0
horizontaal,7,7,7,7,6,6,7,5,7,7,3,7,7,5,7,7,7,7,7,7,6.50,1.05,0
huidig,5,5,3,4,7,7,7,7,4,4,4,5,6,1,6,7,4,7,6,5,5.20,1.64,0
huishoudelijk,3,6,5,1,6,3,7,6,5,5,6,1,5,3,6,6,6,2,4,6,4.60,1.82,0
huiverig,5,5,3,5,4,5,4,3,3,5,NaN,3,3,4,3,3,5,4,3,4,3.89,0.88,0.05
humaan,4,3,7,4,4,1,4,4,5,6,4,6,4,3,3,7,6,7,5,4,4.55,1.57,0
humeurig,5,5,5,5,5,7,5,4,5,4,7,7,5,5,5,6,7,3,5,5,5.25,1.07,0
hysterisch,7,5,4,6,4,6,2,6,6,5,2,5,2,5,3,4,2,2,6,5,4.35,1.66,0
ideaal,3,3,1,1,4,1,5,1,3,6,1,1,5,4,3,4,4,1,2,4,2.85,1.63,0
idioot,4,4,7,2,7,3,3,2,6,4,2,5,7,5,3,4,3,2,1,6,4.00,1.86,0
ijdel,5,6,6,6,3,1,4,3,6,7,7,6,5,3,5,6,6,7,6,7,5.25,1.65,0
ijl,4,5,3,1,1,3,5,4,4,4,5,2,5,4,4,3,2,NaN,4,1,3.37,1.38,0.05
ijskoud,5,6,7,5,4,6,6,1,5,3,6,6,5,4,4,5,4,3,5,6,4.80,1.40,0
ijverig,7,2,7,5,4,4,3,2,5,6,7,6,4,4,3,2,6,5,5,4,4.55,1.64,0
ijzig,2,5,6,1,2,3,5,1,3,4,3,4,5,5,5,2,2,4,3,3,3.40,1.47,0
immens,3,5,2,1,6,2,5,1,5,7,5,2,5,4,4,6,4,5,6,7,4.25,1.86,0
imposant,1,6,4,1,3,4,2,4,2,3,3,3,3,3,4,3,1,4,3,5,3.10,1.29,0
impulsief,6,6,5,5,4,5,3,2,3,4,2,5,7,3,5,6,4,5,4,4,4.40,1.35,0
indirect,1,6,3,5,6,7,7,1,4,5,2,3,3,2,2,2,3,3,5,4,3.70,1.87,0
indrukwekkend,5,4,3,4,5,4,2,4,5,3,3,5,3,5,5,3,4,5,3,5,4.00,0.97,0
integraal,4,6,1,5,4,NaN,7,6,4,4,7,4,1,2,1,2,6,6,1,4,3.95,2.09,0.05
intellectueel,6,6,4,5,3,5,4,7,5,6,5,6,5,5,4,6,5,4,4,5,5.00,0.97,0
intelligent,7,5,5,7,5,6,2,2,4,3,3,6,2,5,3,3,3,2,5,6,4.20,1.70,0
intens,2,5,5,5,5,4,4,4,7,5,1,4,3,5,5,5,2,2,5,5,4.15,1.46,0
interessant,5,7,6,5,3,7,3,3,5,3,3,3,3,5,5,3,2,6,5,5,4.35,1.50,0
intrigerend,4,7,5,4,4,6,2,2,2,3,1,5,4,NaN,4,4,2,4,5,4,3.79,1.51,0.05
introvert,3,2,5,6,5,4,2,2,3,4,3,5,4,2,5,4,5,1,3,5,3.65,1.39,0
invalide,2,7,7,5,7,7,7,2,7,6,7,5,2,5,7,5,7,3,5,6,5.45,1.85,0
inwendig,3,5,4,1,2,5,5,7,5,7,6,5,7,6,6,5,5,7,6,4,5.05,1.64,0
inzittend,2,7,4,1,7,2,5,7,4,4,7,3,5,4,5,5,5,3,3,7,4.50,1.85,0
irritant,7,5,4,4,5,6,3,5,6,4,3,4,2,4,5,4,3,3,4,4,4.25,1.21,0
jaarlijks,7,7,7,1,6,7,7,7,6,6,7,7,7,6,6,7,6,7,7,6,6.35,1.35,0
jaloers,4,6,7,3,7,5,6,5,4,5,2,5,6,3,3,5,2,2,1,4,4.25,1.74,0
jarig,7,7,7,1,7,5,7,7,7,7,7,7,7,6,7,7,7,7,7,7,6.55,1.39,0
jeugdig,5,3,7,5,4,7,4,2,7,5,7,4,5,6,4,5,6,7,4,7,5.20,1.51,0
jong,4,5,2,1,4,5,4,7,3,4,6,3,5,5,5,5,4,NaN,5,4,4.26,1.37,0.05
joods,7,7,6,1,7,7,7,4,4,6,3,7,7,2,7,2,3,6,7,7,5.35,2.11,0
juist,7,7,6,3,6,5,4,6,7,5,7,2,6,3,4,5,7,7,4,4,5.25,1.59,0
kaal,5,6,7,3,5,7,7,7,7,7,7,7,6,6,6,5,7,7,7,6,6.25,1.07,0
kaki,7,7,3,NaN,6,6,7,6,5,3,7,6,2,7,4,5,7,6,5,6,5.53,1.54,0.05
kalm,2,2,6,4,4,2,4,7,6,6,2,6,4,5,4,6,5,3,4,4,4.30,1.56,0
kansloos,2,4,5,5,5,7,4,1,3,4,5,4,2,3,5,2,4,3,1,4,3.65,1.53,0
kapot,6,6,7,7,6,5,7,5,7,7,5,6,7,3,6,2,6,7,6,7,5.90,1.37,0
karig,NaN,NaN,3,5,NaN,NaN,NaN,4,2,3,3,2,3,NaN,3,4,4,3,3,3,3.21,0.80,0.3
katholiek,6,6,4,7,6,7,6,4,6,4,3,6,5,2,6,6,5,2,6,7,5.20,1.54,0
kattig,4,4,5,5,4,6,4,3,4,5,3,3,3,5,5,4,5,4,5,4,4.25,0.85,0
kernachtig,5,6,2,5,4,5,5,5,4,5,1,5,1,2,3,1,3,4,5,4,3.75,1.59,0
kersvers,2,7,5,5,4,3,7,7,5,7,6,5,7,6,5,6,4,4,6,7,5.40,1.47,0
keurig,NaN,4,7,4,6,4,6,6,4,6,4,5,2,3,5,2,5,4,1,6,4.42,1.61,0.05
kil,5,4,7,4,4,5,4,3,3,4,6,4,1,2,2,5,3,2,1,3,3.60,1.57,0
kinderachtig,6,6,7,6,4,7,4,3,6,7,7,4,4,5,4,6,5,5,5,7,5.40,1.27,0
kippig,3,1,4,4,NaN,1,2,1,NaN,NaN,3,NaN,3,3,2,2,NaN,2,4,4,2.60,1.12,0.25
klaar,6,6,4,6,7,3,6,6,7,6,4,7,7,1,6,5,5,7,6,6,5.55,1.54,0
klam,2,4,4,1,4,3,5,4,4,6,6,NaN,5,4,4,3,2,6,6,4,4.05,1.43,0.05
klassiek,7,3,7,5,4,4,3,3,6,4,5,6,3,4,5,4,7,1,7,3,4.55,1.70,0
klein,4,6,7,4,7,5,3,2,7,5,2,5,4,3,3,7,4,3,1,6,4.40,1.85,0
kleiner,3,5,7,1,1,7,7,2,7,7,7,7,5,4,2,7,5,7,4,7,5.10,2.25,0
kleingeestig,5,3,7,5,4,1,3,2,4,3,5,2,5,4,2,4,6,5,4,5,3.95,1.50,0
kleinst,6,7,3,1,5,3,7,7,7,6,6,7,7,5,6,7,6,5,7,7,5.75,1.68,0
kleurig,4,3,6,6,4,3,5,4,5,4,6,7,5,5,1,5,3,7,5,7,4.75,1.55,0
kleurrijk,6,1,5,7,5,5,5,7,6,5,7,6,6,4,5,6,7,4,4,6,5.35,1.42,0
kleverig,4,6,7,6,5,7,6,4,5,6,7,6,4,3,3,5,3,7,5,4,5.15,1.39,0
knalgeel,7,6,NaN,2,6,7,6,6,7,7,6,6,2,6,3,6,3,7,5,6,5.47,1.68,0.05
knap,2,4,3,5,5,7,4,7,3,1,6,1,5,3,4,3,2,1,4,1,3.55,1.90,0
knorrig,5,6,7,6,4,4,3,2,7,6,6,5,4,3,3,6,5,7,5,4,4.90,1.48,0
koel,4,4,4,6,5,5,5,5,4,4,3,3,3,2,2,5,5,6,2,5,4.10,1.25,0
kokend,3,6,5,5,4,4,6,7,5,7,7,7,5,6,6,7,5,6,6,7,5.70,1.17,0
kolkend,5,2,7,6,4,4,5,2,6,4,7,4,4,3,2,6,NaN,7,NaN,5,4.61,1.69,0.1
koppig,4,5,5,1,3,4,5,4,3,5,4,2,5,4,5,4,5,1,6,4,3.95,1.36,0
korrelig,6,7,3,6,2,7,7,6,6,5,5,4,5,4,3,4,7,2,4,6,4.95,1.64,0
kort,3,5,5,5,3,4,5,7,3,6,4,3,5,4,4,6,4,6,4,2,4.40,1.27,0
kostbaar,7,7,5,5,5,6,5,4,5,6,3,6,2,1,5,4,4,5,5,5,4.75,1.48,0
kostelijk,7,7,4,4,5,6,3,2,2,5,5,5,6,2,4,3,7,3,4,4,4.40,1.64,0
koud,2,2,3,6,6,2,5,4,6,4,5,7,3,2,3,7,2,7,3,6,4.25,1.89,0
krachtig,5,5,7,6,4,7,6,2,7,6,5,6,4,5,3,7,5,5,4,5,5.20,1.36,0
krap,5,5,5,1,4,2,4,4,5,3,6,3,3,1,6,6,4,7,6,4,4.20,1.67,0
kras,5,5,2,NaN,4,4,2,3,5,7,2,3,3,NaN,7,6,NaN,7,7,3,4.41,1.87,0.15
kritiek,7,7,5,7,5,3,5,4,6,7,3,7,7,5,4,5,3,7,4,6,5.35,1.50,0
kritisch,3,6,5,1,4,2,5,3,3,6,4,4,5,5,4,7,5,2,6,5,4.25,1.55,0
krom,5,5,5,1,6,4,6,2,7,7,3,5,7,4,7,5,7,7,7,6,5.30,1.78,0
kruidig,7,7,5,6,2,6,6,4,5,5,4,3,2,4,5,5,4,4,4,5,4.65,1.39,0
kuis,2,2,5,6,5,3,4,1,5,6,5,5,3,5,6,5,6,6,6,4,4.50,1.54,0
kunstzinnig,5,4,5,4,4,7,3,1,5,4,3,5,4,5,5,4,6,6,3,5,4.40,1.31,0
kwaad,7,7,4,5,6,5,5,6,6,6,3,6,3,5,4,7,6,4,4,5,5.20,1.24,0
kwalitatief,6,2,5,6,5,7,2,2,6,4,2,3,7,1,3,4,1,6,5,7,4.20,2.07,0
kwaliteitsvol,6,4,5,5,4,5,3,2,4,3,3,2,2,4,5,5,2,2,3,4,3.65,1.27,0
kwijt,5,5,4,7,5,4,7,5,7,7,3,5,5,2,6,6,6,7,6,6,5.40,1.39,0
laag,3,3,6,3,4,7,4,3,5,4,7,7,4,5,3,5,6,7,4,5,4.75,1.48,0
laat,NaN,3,7,5,5,5,5,1,7,5,3,5,1,3,3,4,3,2,1,5,3.84,1.83,0.05
laf,2,5,3,1,4,5,5,3,3,4,5,4,5,4,4,4,3,5,5,3,3.85,1.14,0
lager,5,7,6,3,4,7,4,4,6,3,7,7,5,6,2,5,4,7,3,7,5.10,1.65,0
lam,4,3,4,6,4,7,5,2,7,7,5,7,6,2,4,5,7,7,4,7,5.15,1.73,0
lang,3,5,4,4,5,4,5,1,3,6,5,2,5,5,4,5,4,3,5,2,4.00,1.30,0
langwerpig,4,6,5,3,4,2,5,7,4,7,6,5,5,5,4,6,6,7,5,7,5.15,1.39,0
langzaam,2,6,7,4,7,2,5,5,4,6,6,5,5,3,4,5,3,4,5,5,4.65,1.42,0
lastig,6,6,5,5,3,6,5,7,6,3,3,3,6,4,5,4,5,3,5,5,4.75,1.25,0
lauw,7,7,4,7,4,7,5,2,5,5,2,6,1,2,2,4,5,2,2,6,4.25,2.05,0
leeg,2,6,7,1,4,3,5,1,6,7,7,7,5,5,6,6,4,7,3,1,4.65,2.16,0
legaal,4,6,7,6,7,7,6,5,5,5,3,5,4,2,6,5,7,4,5,6,5.25,1.37,0
lek,NaN,2,NaN,6,5,2,1,5,6,7,2,4,4,5,3,4,6,2,1,7,4.00,2.00,0.1
lekker,6,4,7,4,7,3,4,1,5,4,1,5,6,2,2,4,1,2,1,6,3.75,2.05,0
lelijk,2,4,2,3,5,2,5,7,3,5,1,3,5,4,4,2,2,1,4,3,3.35,1.57,0
lenig,6,6,5,6,5,4,3,7,5,6,3,6,2,3,5,6,6,6,5,5,5.00,1.34,0
leuk,5,6,6,6,4,7,2,3,7,5,7,4,4,6,4,6,7,7,5,6,5.35,1.46,0
levend,7,7,2,7,7,4,7,7,5,7,6,7,1,6,6,7,4,7,6,7,5.85,1.79,0
levendig,5,3,6,6,4,4,6,3,7,6,7,7,6,6,5,6,5,5,5,5,5.35,1.18,0
licht,5,5,7,3,7,7,6,7,5,5,5,6,7,6,4,2,5,2,1,7,5.10,1.86,0
lichtblauw,6,7,7,6,5,7,6,7,7,7,7,6,6,7,5,5,1,7,4,6,5.95,1.47,0
lief,4,4,7,4,4,6,4,5,5,4,7,7,3,5,3,7,6,4,3,5,4.85,1.39,0
lila,7,7,3,7,5,6,7,7,3,6,7,6,4,5,3,5,7,5,7,7,5.70,1.49,0
links,3,6,7,5,6,7,4,7,5,7,7,1,5,5,5,7,4,7,6,7,5.55,1.64,0
log,4,4,4,1,6,1,5,3,NaN,NaN,4,NaN,NaN,NaN,4,5,4,1,3,NaN,3.50,1.56,0.3
logisch,6,5,5,5,5,7,1,4,6,4,4,6,4,3,5,3,6,6,5,3,4.65,1.42,0
lokaal,5,6,6,6,4,7,5,7,5,6,6,7,6,7,5,4,6,7,6,5,5.80,0.95,0
loodrecht,7,7,7,7,7,6,7,5,7,7,2,7,7,1,7,7,7,6,7,7,6.25,1.71,0
los,5,6,3,5,4,1,5,2,2,7,3,3,2,2,1,4,5,4,1,3,3.40,1.73,0
louter,1,1,2,3,4,5,3,1,4,3,NaN,3,6,3,4,5,4,1,4,3,3.16,1.46,0.05
luchtig,3,5,3,1,6,2,5,3,2,5,6,1,5,2,5,4,2,1,3,1,3.25,1.74,0
lui,6,6,7,5,4,6,2,2,6,6,7,5,6,6,3,7,5,7,5,7,5.40,1.57,0
luid,2,6,4,4,5,3,5,7,4,6,6,2,5,4,3,6,4,5,5,4,4.50,1.36,0
lusteloos,4,4,5,2,2,6,2,2,3,4,2,6,3,4,2,2,2,7,2,2,3.30,1.63,0
luxe,5,6,7,5,5,7,5,7,6,6,4,7,7,5,6,6,7,7,6,6,6.00,0.92,0
maatschappelijk,4,7,4,1,5,4,6,7,5,4,5,4,5,5,6,3,2,4,4,2,4.35,1.57,0
machtig,2,5,4,4,5,4,5,7,3,6,6,2,5,4,5,3,2,5,6,5,4.40,1.43,0
magenta,NaN,7,3,7,4,6,6,7,6,NaN,NaN,NaN,7,6,NaN,6,7,6,NaN,NaN,6.00,1.22,0.35
mager,4,6,6,5,4,7,5,7,7,7,7,6,3,6,4,6,7,7,3,7,5.70,1.42,0
magisch,4,3,7,5,4,1,5,2,5,6,7,4,3,6,3,2,7,7,5,5,4.55,1.82,0
mal,5,5,5,3,3,2,2,1,5,5,1,2,3,3,3,5,NaN,3,3,3,3.26,1.37,0.05
marginaal,4,7,5,5,3,5,3,2,5,4,3,6,3,5,3,3,4,3,5,4,4.10,1.25,0
massaal,3,7,4,6,5,5,3,5,5,4,3,2,3,2,3,3,4,1,3,5,3.80,1.47,0
mat,7,6,4,3,4,1,4,2,5,6,7,5,4,3,2,4,3,7,5,4,4.30,1.72,0
matig,3,4,4,1,3,2,5,6,4,4,5,5,5,2,4,6,2,1,2,2,3.50,1.57,0
maximaal,6,7,7,2,3,4,7,4,6,7,5,4,7,5,6,6,6,7,3,6,5.40,1.57,0
medisch,2,2,2,7,5,5,6,5,6,3,3,3,7,5,6,6,6,5,6,6,4.80,1.67,0
melancholisch,5,6,5,4,NaN,3,2,1,1,3,3,4,2,5,2,2,5,6,5,5,3.63,1.64,0.05
melig,2,1,3,3,5,3,4,5,4,4,3,5,4,3,5,4,7,4,4,6,3.95,1.36,0
menselijk,4,5,6,5,4,7,5,7,4,7,5,7,5,6,5,5,6,5,5,4,5.35,1.04,0
merkbaar,2,4,2,1,NaN,2,5,3,4,3,6,3,5,5,4,2,4,6,4,1,3.47,1.54,0.05
merkwaardig,2,7,6,6,4,4,5,2,6,7,5,3,4,5,2,5,5,3,5,4,4.50,1.54,0
metalen,4,6,7,2,7,3,6,1,7,6,7,7,7,5,6,7,5,7,5,7,5.60,1.82,0
middelmatig,6,1,5,4,5,4,2,2,5,4,3,2,1,1,3,2,1,7,4,4,3.30,1.78,0
miezerig,2,7,4,6,4,5,5,4,5,3,3,2,2,1,5,4,2,7,3,5,3.95,1.70,0
mild,4,3,7,3,4,4,6,2,7,4,6,3,3,6,2,4,6,5,4,4,4.35,1.53,0
minderjarig,7,7,5,7,6,7,6,7,7,7,4,7,7,4,7,7,3,7,7,7,6.30,1.26,0
minderwaardig,2,5,5,3,6,6,6,4,4,4,1,5,7,2,2,5,3,2,1,6,3.95,1.85,0
miniem,NaN,5,2,6,4,6,5,5,6,5,2,4,5,3,2,2,3,5,7,4,4.26,1.56,0.05
minimaal,2,2,6,3,4,4,2,3,4,6,4,5,4,1,2,3,1,4,2,5,3.35,1.50,0
minuscuul,5,6,4,6,6,4,3,7,4,3,3,6,2,4,4,4,5,5,5,5,4.55,1.28,0
minzaam,NaN,3,5,4,4,5,3,2,6,6,3,3,4,5,3,5,5,2,4,5,4.05,1.22,0.05
mis,7,7,2,7,7,3,6,6,3,5,2,1,3,1,1,3,1,5,1,5,3.80,2.33,0
misselijk,6,6,5,4,6,4,2,4,7,5,3,7,7,5,7,6,7,7,7,5,5.50,1.50,0
mistig,5,7,4,7,5,5,5,7,5,5,4,5,5,2,5,4,7,6,5,7,5.25,1.29,0
modern,4,7,6,5,6,6,5,7,6,3,6,6,4,6,3,6,6,5,3,4,5.20,1.28,0
modieus,5,1,4,4,4,4,2,4,4,4,4,6,3,5,4,4,6,5,3,4,4.00,1.17,0
moe,2,6,2,4,3,3,6,7,5,6,6,3,5,4,6,4,5,3,5,6,4.55,1.50,0
moedig,2,5,5,3,5,3,5,7,3,5,5,1,5,4,5,5,2,4,4,2,4.00,1.49,0
moeilijk,3,5,4,1,5,3,5,7,3,6,2,2,5,4,5,3,2,1,4,2,3.60,1.67,0
mollig,4,7,4,5,4,6,6,7,6,5,6,7,2,4,6,4,6,5,4,5,5.15,1.31,0
mondig,7,7,5,6,5,4,2,4,2,5,3,4,4,3,6,4,4,6,5,4,4.50,1.43,0
monter,6,6,2,NaN,NaN,4,3,1,NaN,4,4,NaN,3,NaN,3,NaN,4,3,3,4,3.57,1.34,0.3
mooi,3,5,2,4,7,1,2,2,3,5,1,6,6,2,2,5,3,3,1,6,3.45,1.90,0
mottig,3,4,4,3,4,3,3,2,3,4,3,3,5,5,1,5,4,3,1,5,3.40,1.19,0
muzikaal,5,5,2,7,6,6,3,5,7,5,5,6,6,4,3,6,1,4,3,5,4.70,1.63,0
naakt,7,6,7,5,5,7,4,4,7,7,7,7,6,3,7,6,6,7,6,7,6.05,1.23,0
naar,1,1,4,5,3,2,5,2,3,6,1,1,3,3,2,5,4,3,2,5,3.05,1.57,0
nagemaakt,3,5,7,1,6,4,5,4,6,5,6,4,5,5,5,6,6,5,6,6,5.00,1.34,0
naïef,5,7,5,4,6,4,2,1,5,3,1,6,3,5,5,2,6,6,3,6,4.25,1.80,0
nasaal,1,7,5,NaN,NaN,7,4,5,2,3,3,NaN,7,4,6,5,4,1,6,5,4.41,1.94,0.15
nat,4,5,2,6,6,4,5,7,6,6,7,7,7,5,6,7,6,5,6,6,5.65,1.27,0
nationaal,6,7,6,7,7,7,6,5,7,6,3,7,7,3,7,7,6,7,7,7,6.25,1.25,0
natuurlijk,3,3,7,2,4,6,6,2,7,4,7,7,4,3,3,2,5,2,4,5,4.30,1.84,0
nauw,2,6,4,3,4,4,3,4,7,5,7,3,4,4,5,4,5,5,4,4,4.35,1.27,0
nauwelijks,5,1,4,3,3,4,1,1,5,3,2,3,4,1,5,3,2,5,3,5,3.15,1.46,0
nauwgezet,NaN,4,7,3,3,1,3,2,4,4,1,6,5,2,4,2,3,2,1,4,3.21,1.65,0.05
nauwkeurig,3,4,5,5,5,6,5,5,4,5,3,6,4,2,3,2,6,2,1,5,4.05,1.50,0
nederig,4,2,4,6,4,3,3,2,7,4,7,5,4,4,2,4,6,5,4,4,4.20,1.47,0
neerslachtig,6,6,2,6,6,6,3,2,NaN,4,4,6,2,4,5,5,4,3,5,4,4.37,1.46,0.05
negatief,4,5,4,6,6,6,5,5,7,7,1,7,7,5,2,6,2,3,2,5,4.75,1.89,0
net,3,5,4,1,7,2,5,3,4,6,5,3,5,4,5,5,2,4,4,3,4.00,1.45,0
neurotisch,2,7,4,4,3,4,5,4,2,3,2,5,5,3,2,2,6,7,4,6,4.00,1.65,0
nietig,5,2,4,3,4,3,2,2,4,4,4,3,2,3,2,6,3,1,4,4,3.25,1.21,0
nieuw,5,5,5,7,6,7,7,7,6,6,7,7,7,5,6,6,4,7,6,5,6.05,0.94,0
nodig,3,4,4,1,1,3,2,7,5,4,2,3,5,4,4,5,4,4,6,2,3.65,1.57,0
nonchalant,2,6,5,5,5,4,2,4,4,3,2,5,4,3,4,5,5,7,2,5,4.10,1.41,0
noodzakelijk,5,4,7,6,6,4,6,7,5,4,3,5,3,2,4,2,5,3,1,5,4.35,1.66,0
normaal,2,4,3,1,1,2,5,1,4,7,1,5,5,2,4,2,1,1,3,1,2.75,1.80,0
nors,7,7,3,5,6,5,3,1,4,6,3,3,5,2,6,5,6,3,6,3,4.45,1.73,0
nutteloos,5,6,5,4,3,1,2,3,6,4,1,4,4,3,6,3,4,4,3,4,3.75,1.45,0
nuttig,2,3,7,4,6,3,6,5,5,5,4,6,5,4,6,2,3,3,1,6,4.30,1.66,0
objectief,4,6,7,5,7,6,6,5,4,6,NaN,7,6,5,5,5,4,6,5,4,5.42,1.02,0.05
ochtendlijk,NaN,3,NaN,3,2,6,6,1,5,3,NaN,4,1,4,1,1,3,3,1,4,3.00,1.70,0.15
oeroud,4,5,7,4,4,7,6,1,5,4,6,6,5,3,4,7,6,4,5,4,4.85,1.50,0
officieel,4,3,6,4,6,7,7,5,6,7,7,2,5,7,2,6,5,4,6,7,5.30,1.66,0
oker,5,7,5,7,4,4,7,7,2,5,7,6,NaN,6,3,5,7,1,7,7,5.37,1.86,0.05
omvangrijk,3,6,4,5,7,4,5,7,3,7,5,2,5,3,4,6,3,4,5,7,4.75,1.55,0
omvangrijker,4,6,5,3,4,7,6,2,4,6,3,6,2,4,2,7,2,1,3,5,4.10,1.83,0
omvangrijkst,2,5,7,5,6,3,6,1,5,4,2,6,1,3,3,3,3,2,1,2,3.50,1.88,0
onaangenaam,5,6,5,3,5,2,2,3,6,4,4,5,3,3,5,3,4,5,4,4,4.05,1.19,0
onaardig,3,6,7,4,4,7,5,2,7,6,7,4,3,6,2,4,4,5,4,4,4.70,1.63,0
onafhankelijk,5,6,6,5,4,7,6,2,7,7,7,5,6,6,3,7,6,5,5,5,5.50,1.36,0
onbelangrijk,3,5,5,2,4,2,2,2,5,3,3,6,4,1,4,3,2,2,3,4,3.25,1.33,0
onbeperkt,3,1,5,6,4,7,1,6,5,3,2,2,2,1,4,3,2,6,5,3,3.55,1.88,0
onbetrouwbaar,4,3,5,4,6,5,2,2,5,4,3,4,4,5,4,4,3,1,4,3,3.75,1.21,0
onbewoond,6,7,5,1,7,6,7,7,6,7,7,7,7,6,7,7,5,7,6,6,6.20,1.40,0
onbewust,3,6,7,4,7,5,2,2,5,5,4,5,5,3,2,7,3,4,1,4,4.20,1.77,0
ondeelbaar,4,5,7,4,4,7,7,7,4,6,7,4,3,2,5,3,7,2,7,6,5.05,1.79,0
ondergeschikt,5,4,5,1,5,4,2,2,6,4,2,5,5,5,4,7,5,5,6,3,4.25,1.55,0
ondermaats,4,4,3,4,3,7,2,3,5,4,3,1,1,4,3,2,2,2,6,4,3.35,1.53,0
ondeugend,3,4,2,7,3,4,6,6,3,6,6,1,5,4,3,4,4,4,5,4,4.20,1.51,0
ondiep,5,7,7,5,4,2,7,2,6,3,7,5,4,6,5,6,7,7,4,4,5.15,1.66,0
oneindig,6,1,5,7,6,1,1,2,4,1,1,2,4,1,3,1,3,2,3,4,2.90,1.94,0
onervaren,4,1,7,3,4,7,6,3,7,7,7,2,5,6,2,4,6,7,5,5,4.90,1.94,0
ongebruikt,4,6,3,5,5,7,7,5,3,5,7,6,2,2,5,2,7,2,7,6,4.80,1.88,0
ongelukkig,5,4,5,2,5,2,5,6,5,5,3,5,5,5,3,4,5,4,3,5,4.30,1.13,0
ongetwijfeld,4,3,5,3,3,5,1,2,4,4,2,7,1,4,5,2,2,1,6,5,3.45,1.73,0
ongevaarlijk,2,5,4,4,7,6,3,4,5,5,1,6,6,3,4,5,3,3,1,3,4.00,1.65,0
ongewoon,4,3,7,3,5,1,4,4,4,4,4,5,5,2,3,3,3,2,1,4,3.55,1.43,0
onmiddellijk,3,6,7,3,5,7,7,4,7,7,7,7,6,6,2,6,7,7,5,5,5.70,1.59,0
onmogelijk,2,2,3,2,4,4,6,6,6,7,3,5,7,5,7,7,5,4,7,6,4.90,1.80,0
onnauwkeurig,4,4,5,4,4,6,4,5,7,3,3,4,6,2,3,4,3,6,3,5,4.25,1.29,0
onregelmatig,7,5,5,5,5,7,3,2,4,4,4,3,5,3,4,6,4,2,4,5,4.35,1.39,0
onschatbaar,3,1,5,2,3,7,2,3,4,3,1,4,1,3,1,1,2,3,4,5,2.90,1.62,0
onsmakelijk,3,5,7,4,6,5,4,2,4,5,2,5,6,6,3,2,2,4,1,6,4.10,1.71,0
ontelbaar,6,1,5,7,4,7,2,2,5,3,3,2,1,3,5,1,3,1,3,3,3.35,1.93,0
ontroerd,3,5,7,4,6,3,4,4,3,4,5,5,3,3,5,4,3,2,1,5,3.95,1.39,0
ontwijkend,4,1,7,4,5,4,5,6,6,4,6,6,4,5,4,2,6,2,5,4,4.50,1.54,0
ontzaglijk,3,4,2,2,4,4,5,1,NaN,7,3,1,5,4,2,NaN,5,2,5,2,3.39,1.65,0.1
onverschillig,6,4,5,5,4,7,2,2,6,3,2,3,5,1,6,4,2,4,4,6,4.05,1.70,0
onvervalst,4,6,4,5,4,7,3,2,5,3,7,4,4,6,5,7,5,6,3,7,4.85,1.53,0
onverwacht,4,4,2,5,5,2,1,7,6,5,1,4,5,3,6,6,6,3,6,4,4.25,1.77,0
onverzorgd,5,5,4,6,3,5,4,5,5,4,4,7,1,5,5,5,6,3,3,5,4.50,1.32,0
onvoldoende,6,1,5,4,5,7,2,4,4,6,3,4,1,6,2,2,2,5,6,7,4.10,1.94,0
onvriendelijk,3,5,7,4,7,2,5,7,6,5,4,5,7,5,6,6,4,4,7,5,5.20,1.44,0
onwaarschijnlijk,4,1,5,4,5,7,2,2,4,3,3,2,7,1,4,3,1,5,4,5,3.60,1.79,0
onweerachtig,6,1,4,6,5,4,4,6,6,6,4,6,2,3,6,6,6,6,5,6,4.90,1.52,0
onwijs,4,3,6,4,3,5,4,3,5,4,4,3,4,6,2,4,5,1,4,4,3.90,1.21,0
onzeker,5,7,6,4,4,7,2,4,5,3,3,6,3,4,5,2,6,1,4,5,4.30,1.66,0
open,6,5,4,7,1,3,6,1,4,6,2,6,5,5,5,3,2,5,4,1,4.05,1.88,0
openbaar,4,6,7,4,4,7,4,4,6,2,7,5,6,6,3,4,5,7,5,5,5.05,1.43,0
openhartig,4,5,7,6,4,2,4,2,7,6,7,5,4,5,3,6,5,2,3,5,4.60,1.64,0
opgewekt,2,6,3,3,5,4,5,7,4,6,4,5,5,4,5,3,4,4,5,4,4.40,1.19,0
oprecht,5,4,6,6,6,7,5,4,6,4,5,6,5,5,4,5,6,5,5,4,5.15,0.88,0
optimistisch,7,6,6,4,6,5,2,3,6,4,4,6,4,4,6,5,4,6,4,6,4.90,1.29,0
oranje,7,6,7,4,7,6,7,7,5,6,7,2,7,6,6,7,7,7,4,7,6.10,1.37,0
ordelijk,5,5,7,4,5,4,3,5,4,5,3,6,6,3,3,4,3,3,1,6,4.25,1.45,0
ordinair,3,4,4,1,1,3,5,5,3,6,1,1,5,4,5,6,4,4,3,3,3.55,1.61,0
origineel,2,6,4,1,2,4,5,3,3,6,1,3,5,5,4,4,3,5,5,2,3.65,1.53,0
oud,4,4,2,5,5,7,4,5,5,4,3,6,2,5,5,6,6,6,5,5,4.70,1.30,0
ouder,5,6,7,3,4,7,7,3,7,6,7,7,5,6,3,6,5,7,4,7,5.60,1.50,0
ovaal,6,6,4,4,6,4,6,1,6,7,7,7,7,4,5,7,6,7,6,7,5.65,1.57,0
overleden,7,7,7,7,7,7,7,6,7,7,4,7,7,5,6,7,7,7,6,7,6.60,0.82,0
overmoedig,4,6,2,1,2,2,5,5,3,4,5,2,5,4,4,4,3,3,5,5,3.70,1.38,0
overvloedig,6,4,3,6,5,6,2,2,4,3,4,2,1,3,4,2,2,2,3,4,3.40,1.50,0
overweldigend,6,6,4,4,6,5,1,2,5,4,3,4,3,2,5,4,4,1,3,4,3.80,1.51,0
paars,7,6,7,3,6,7,7,7,5,6,7,2,7,6,6,7,6,7,4,7,6.00,1.45,0
particulier,4,5,5,1,7,3,4,7,NaN,6,2,7,5,5,6,6,5,6,3,2,4.68,1.80,0.05
partijdig,2,6,4,1,4,5,5,7,3,5,3,5,5,4,5,5,4,1,4,2,4.00,1.59,0
pasgeboren,6,6,6,6,5,7,7,7,6,7,7,7,6,6,6,7,7,7,7,7,6.50,0.61,0
perfect,3,4,7,4,6,5,7,2,5,6,5,6,7,5,3,3,2,3,7,6,4.80,1.70,0
persoonlijk,4,4,6,6,4,7,6,7,6,6,7,2,5,6,2,6,6,2,4,7,5.15,1.69,0
pessimistisch,6,6,5,6,5,5,1,3,5,4,3,6,2,4,5,3,2,6,3,4,4.20,1.54,0
pienter,7,7,2,5,6,4,4,1,4,4,NaN,3,3,3,4,6,6,3,4,4,4.21,1.62,0.05
piepjong,5,5,4,5,4,2,5,1,7,3,3,5,3,5,7,7,7,5,7,3,4.65,1.79,0
piepklein,2,6,7,5,7,2,6,2,7,4,6,6,4,4,6,7,3,3,5,6,4.90,1.77,0
pietepeuterig,3,3,NaN,3,3,6,2,1,4,4,NaN,3,4,5,NaN,6,3,4,NaN,4,3.63,1.31,0.2
pijnlijk,5,6,4,4,7,3,5,5,5,4,2,5,5,5,2,5,3,3,1,5,4.20,1.47,0
pikant,7,4,3,5,3,5,6,4,6,5,4,5,2,3,4,4,3,2,4,6,4.25,1.37,0
pikzwart,5,5,5,7,7,7,7,5,7,5,1,7,7,1,7,7,7,7,7,7,5.90,1.89,0
pittig,6,2,4,5,1,4,5,4,4,3,3,4,2,3,5,4,5,4,4,4,3.80,1.20,0
pittoresk,1,1,5,4,3,6,5,6,4,4,5,5,5,2,5,4,4,4,3,4,4.00,1.41,0
plaatselijk,6,6,5,6,5,5,5,7,7,4,4,5,3,2,3,7,6,7,3,6,5.10,1.52,0
plakkerig,1,5,1,5,5,1,5,2,4,5,1,2,3,2,6,3,6,6,6,4,3.65,1.90,0
plantaardig,3,3,6,4,7,7,7,7,5,7,7,7,5,6,5,5,6,7,5,5,5.70,1.34,0
plastiek,7,6,4,7,6,7,7,5,7,5,6,7,7,5,3,7,7,5,7,7,6.10,1.21,0
plat,5,6,2,3,1,2,3,2,6,7,5,5,5,3,6,6,2,7,4,1,4.05,1.99,0
platzak,7,6,7,6,4,7,6,2,7,7,7,7,6,4,6,4,6,7,6,5,5.85,1.39,0
plezierig,5,4,7,5,4,4,6,2,6,6,7,7,4,4,3,5,7,5,5,6,5.10,1.41,0
plots,4,4,5,7,3,4,5,4,6,5,3,4,7,3,5,7,2,4,5,5,4.60,1.39,0
pluizig,6,7,4,7,4,5,7,7,7,6,5,6,1,5,5,6,6,7,4,7,5.60,1.54,0
politiek,7,1,7,6,5,7,3,4,6,3,7,5,5,7,1,2,6,4,5,7,4.90,2.02,0
populair,2,3,7,3,6,6,6,2,4,5,3,5,6,4,5,6,4,2,1,5,4.25,1.71,0
positief,5,6,6,3,4,7,5,7,7,5,7,2,5,6,5,6,7,7,6,4,5.50,1.43,0
pover,1,3,4,NaN,4,2,4,2,3,4,2,2,1,2,5,2,2,4,4,3,2.84,1.17,0.05
prachtig,2,5,2,1,5,2,5,7,3,6,1,1,5,4,5,6,2,1,5,4,3.60,1.96,0
praktisch,4,6,7,4,4,6,6,3,7,4,7,5,5,5,5,3,7,2,5,4,4.95,1.47,0
prettig,4,3,4,3,4,5,4,1,6,5,4,5,5,2,2,6,3,3,1,6,3.80,1.54,0
prikkelbaar,NaN,5,7,3,7,5,4,4,3,4,5,5,5,3,3,5,3,2,1,6,4.21,1.58,0.05
prikkelend,5,2,5,5,4,7,5,2,5,4,6,4,4,6,2,6,5,7,3,5,4.60,1.50,0
pril,3,6,2,1,6,2,6,4,5,5,2,5,5,3,5,5,3,4,5,2,3.95,1.57,0
prima,5,5,5,5,6,6,6,6,7,4,7,6,6,5,4,7,5,7,4,3,5.45,1.15,0
professioneel,7,7,2,6,5,5,4,6,6,4,7,6,6,5,3,6,7,5,3,4,5.20,1.47,0
prompt,5,5,4,1,NaN,6,5,5,4,4,6,4,5,4,4,5,4,4,4,7,4.53,1.22,0.05
proper,3,6,6,4,4,5,7,4,6,6,7,7,4,6,3,3,6,7,5,7,5.30,1.45,0
protestants,3,6,7,1,7,4,7,7,6,4,7,4,7,3,6,7,6,6,3,5,5.30,1.81,0
publiek,5,6,1,7,4,5,7,4,5,6,6,7,7,5,7,6,5,6,6,2,5.35,1.63,0
puik,NaN,3,NaN,2,5,3,6,5,3,3,4,3,3,2,2,NaN,3,1,1,4,3.12,1.36,0.15
puntig,4,6,7,4,3,4,6,7,6,5,7,5,2,2,3,4,4,6,1,6,4.60,1.79,0
purper,7,7,4,NaN,5,6,7,7,5,6,7,6,4,6,4,5,7,4,7,6,5.79,1.18,0.05
puur,3,6,5,1,2,3,5,1,3,4,2,2,5,2,3,5,1,5,4,2,3.20,1.58,0
raak,NaN,4,7,4,4,7,7,4,5,4,NaN,5,1,2,2,3,6,1,1,6,4.06,2.07,0.1
raar,3,4,7,4,6,1,5,2,5,3,1,3,6,1,2,4,3,2,1,5,3.40,1.85,0
rank,3,5,5,1,NaN,2,NaN,4,NaN,NaN,4,NaN,7,NaN,4,NaN,NaN,3,5,NaN,3.91,1.64,0.45
rap,5,6,6,5,4,4,4,4,7,5,7,4,5,6,4,5,5,5,5,5,5.05,0.94,0
rauw,3,4,7,3,6,7,7,7,5,4,7,5,1,4,5,5,3,3,5,6,4.85,1.73,0
realistisch,7,7,5,6,5,6,2,4,5,4,3,6,3,4,4,3,3,4,5,5,4.55,1.39,0
recent,2,6,7,5,3,7,6,7,7,5,7,7,5,4,2,6,5,7,6,5,5.45,1.64,0
recht,5,7,NaN,5,4,7,7,7,7,7,7,6,7,6,3,2,7,1,1,7,5.42,2.17,0.05
rechthoekig,5,7,7,6,6,7,7,7,7,7,7,5,7,6,4,3,7,7,7,7,6.30,1.17,0
rechtlijnig,6,6,7,7,6,6,6,4,7,7,NaN,6,6,3,6,6,7,6,6,7,6.05,1.03,0.05
rechts,2,7,5,5,6,3,7,4,6,7,1,6,7,6,7,7,6,7,7,7,5.65,1.81,0
redelijk,3,3,4,1,4,3,5,7,3,3,3,4,5,4,5,2,2,1,4,2,3.40,1.47,0
reëel,2,6,1,5,7,7,7,4,7,5,1,4,7,2,3,1,4,5,1,3,4.10,2.27,0
regelmatig,5,5,2,5,5,4,4,5,4,3,7,4,2,2,3,5,4,5,3,4,4.05,1.28,0
regenachtig,6,6,4,7,6,6,5,7,7,6,4,4,3,5,7,6,7,4,5,6,5.55,1.23,0
regulier,3,4,5,1,2,1,4,5,NaN,NaN,6,3,5,4,4,6,2,2,3,1,3.39,1.65,0.1
rein,2,3,6,2,4,3,5,1,6,5,5,4,4,3,3,4,4,2,4,5,3.75,1.37,0
resoluut,4,3,2,4,5,1,3,6,3,4,NaN,2,7,5,6,NaN,4,3,6,6,4.11,1.68,0.1
reusachtig,4,4,4,4,6,7,4,6,6,5,1,5,3,5,6,6,4,7,6,5,4.90,1.45,0
rijk,4,7,6,5,4,4,4,7,7,7,7,5,5,5,4,2,7,7,5,7,5.45,1.50,0
rijp,2,3,5,3,4,3,5,4,4,4,1,1,5,4,4,6,4,4,5,6,3.85,1.39,0
rijzig,NaN,3,1,6,3,4,3,3,NaN,4,3,NaN,5,NaN,4,4,NaN,1,NaN,4,3.43,1.34,0.3
ritmisch,6,3,5,6,6,6,4,4,5,6,5,5,2,4,6,3,3,3,6,6,4.70,1.34,0
roerloos,2,2,7,4,4,2,2,1,5,6,NaN,5,5,1,6,3,3,6,6,3,3.84,1.89,0.05
romantisch,6,4,7,6,3,1,5,3,6,5,7,5,5,6,2,7,7,5,6,7,5.15,1.76,0
romig,2,3,3,6,3,5,6,7,6,5,3,6,2,4,2,4,7,5,3,7,4.45,1.76,0
rond,7,7,7,7,5,6,7,6,7,7,3,7,7,1,6,7,7,7,6,7,6.20,1.58,0
rood,7,7,4,7,7,7,6,6,7,7,1,7,7,1,7,6,7,7,7,7,6.10,1.89,0
roodgeel,4,6,7,6,5,7,6,4,6,4,5,5,5,7,4,2,5,7,3,7,5.25,1.45,0
ros,NaN,3,7,6,4,7,6,7,5,7,4,7,7,6,6,6,7,7,5,7,6.00,1.25,0.05
rot,5,3,6,3,4,4,5,2,7,6,4,7,5,4,3,4,6,7,5,4,4.70,1.45,0
rotslecht,6,1,5,4,3,2,3,3,6,3,3,6,4,1,4,3,2,2,3,4,3.40,1.50,0
roze,7,7,5,7,5,4,6,7,7,5,7,6,4,6,5,5,7,2,7,6,5.75,1.37,0
ruig,NaN,5,7,3,5,2,6,3,4,4,6,4,4,2,2,2,4,2,1,6,3.79,1.72,0.05
ruim,3,6,3,1,3,2,5,2,4,6,3,2,5,4,3,6,2,7,5,2,3.70,1.72,0
ruimdenkend,5,5,4,5,5,3,4,7,5,5,4,4,4,5,2,4,5,3,2,4,4.25,1.16,0
ruraal,NaN,NaN,3,NaN,5,NaN,NaN,NaN,NaN,NaN,NaN,2,1,NaN,5,5,1,5,5,3,3.50,1.72,0.5
Russisch,7,7,7,6,7,7,7,7,6,7,7,7,6,6,6,3,6,7,5,4,6.25,1.12,0
rustgevend,4,4,6,5,6,6,6,7,7,7,6,4,6,3,5,5,7,3,5,5,5.35,1.27,0
rustig,2,5,2,3,4,4,5,7,4,5,3,2,5,3,5,6,2,4,6,5,4.10,1.48,0
ruw,3,4,7,5,5,4,5,2,6,5,4,5,1,2,5,6,3,2,1,4,3.95,1.70,0
saai,5,4,5,4,7,5,5,5,4,5,1,6,6,3,2,6,3,2,1,5,4.20,1.70,0
sappig,7,7,3,4,6,5,5,3,4,5,NaN,6,4,1,5,6,6,6,5,5,4.89,1.49,0.05
sceptisch,2,5,7,5,4,3,4,2,3,4,3,3,NaN,4,2,2,4,2,5,4,3.58,1.35,0.05
schaars,NaN,5,7,2,4,1,4,2,4,5,2,5,2,5,2,4,3,3,5,6,3.74,1.63,0.05
schadelijk,3,5,7,5,7,6,6,4,4,6,3,6,4,2,3,5,3,2,1,5,4.35,1.73,0
schamel,5,5,3,4,4,2,4,1,NaN,4,NaN,NaN,3,3,NaN,5,4,4,NaN,3,3.60,1.12,0.25
schappelijk,2,2,2,NaN,4,NaN,4,6,3,5,NaN,3,3,4,3,3,4,5,3,4,3.53,1.12,0.15
schattig,2,4,7,3,7,5,5,1,7,4,2,5,7,4,5,6,3,3,1,3,4.20,1.96,0
scheef,4,6,5,3,4,5,7,4,7,7,7,7,4,3,3,7,6,3,3,5,5.00,1.62,0
scheel,1,4,7,3,7,7,6,7,3,4,7,4,2,4,3,2,6,3,5,6,4.55,1.96,0
schel,NaN,6,7,5,NaN,2,4,4,5,6,4,5,4,3,4,4,2,5,4,4,4.33,1.28,0.1
scherp,4,7,7,5,4,7,7,7,7,5,7,6,6,3,3,4,6,7,4,4,5.50,1.50,0
schichtig,2,2,2,5,4,4,3,2,3,2,5,NaN,4,3,3,3,6,1,NaN,4,3.22,1.31,0.1
schitterend,6,6,3,4,5,6,4,7,5,3,6,3,4,2,3,5,6,3,3,5,4.45,1.43,0
schoon,3,5,5,4,3,4,5,2,5,4,7,6,4,6,4,4,7,7,5,4,4.70,1.38,0
schor,4,5,2,1,1,3,5,2,3,4,7,NaN,5,4,5,NaN,4,5,6,2,3.78,1.70,0.1
schraal,2,2,3,3,6,2,5,2,5,4,NaN,3,4,3,1,5,5,3,1,4,3.32,1.45,0.05
schril,NaN,3,6,5,4,4,4,2,5,3,3,NaN,5,5,2,5,NaN,2,5,4,3.94,1.25,0.15
schuchter,5,5,3,5,5,4,2,2,4,4,1,4,3,3,5,5,4,2,5,4,3.75,1.25,0
schuin,5,4,7,5,5,5,5,5,5,6,3,6,7,2,5,6,5,6,5,6,5.15,1.18,0
schuldig,4,5,7,5,7,3,6,5,5,5,7,5,7,2,4,5,4,4,5,5,5.00,1.34,0
schuw,5,4,6,1,3,1,4,2,4,6,5,1,5,4,4,4,3,4,5,2,3.65,1.57,0
serieus,3,3,5,4,4,5,3,7,6,4,7,5,5,5,5,4,6,4,5,5,4.75,1.16,0
sferisch,NaN,3,7,2,4,5,4,3,3,3,5,2,4,3,1,2,NaN,NaN,NaN,5,3.50,1.51,0.2
sierlijk,2,1,7,6,4,3,4,4,6,6,7,5,NaN,5,3,5,4,7,4,7,4.74,1.76,0.05
simpel,5,4,5,3,4,6,3,5,5,4,3,4,2,2,3,5,3,6,5,2,3.95,1.28,0
sip,6,3,7,6,4,4,5,3,6,7,6,4,4,4,3,6,4,7,5,4,4.90,1.37,0
sjofel,5,1,5,5,2,5,4,6,3,5,5,4,4,NaN,5,4,6,5,4,4,4.32,1.25,0.05
slank,2,5,4,2,3,3,5,1,4,6,4,3,5,4,4,4,2,6,4,5,3.80,1.36,0
slap,6,6,7,4,5,4,6,6,5,5,3,3,5,5,4,5,4,7,4,5,4.95,1.15,0
slaperig,5,5,7,4,4,5,2,5,4,4,7,5,4,4,3,5,4,3,1,6,4.35,1.46,0
slecht,5,6,6,2,3,5,5,2,7,4,7,3,6,4,4,5,7,6,5,4,4.80,1.54,0
slechter,3,4,6,4,4,3,5,4,5,4,2,2,3,4,5,3,1,5,5,3,3.75,1.25,0
slim,3,4,4,1,5,4,5,7,4,6,3,2,5,4,5,4,2,3,4,5,4.00,1.41,0
sloom,5,6,4,6,NaN,4,3,2,4,5,6,6,5,3,3,5,7,6,5,4,4.68,1.34,0.05
slordig,5,7,6,5,4,4,3,5,7,6,7,5,5,6,6,6,6,7,4,4,5.40,1.19,0
smaakloos,5,5,4,2,3,2,4,3,4,3,3,5,3,2,3,4,2,2,3,4,3.30,1.03,0
smakelijk,5,5,4,3,4,4,4,3,4,5,4,4,3,1,5,4,4,1,4,4,3.75,1.12,0
smal,2,2,2,6,4,4,4,6,6,6,4,4,3,3,3,6,4,7,3,5,4.20,1.54,0
smerig,7,5,5,1,4,5,2,6,7,5,4,6,4,5,6,5,4,2,4,5,4.60,1.57,0
smeuïg,3,3,4,5,3,5,5,4,3,3,2,5,5,3,3,3,4,5,3,5,3.80,1.01,0
sneeuwwit,7,6,7,4,5,7,7,3,7,7,6,6,6,5,6,7,3,6,5,6,5.80,1.28,0
snel,5,5,5,3,5,1,4,6,6,4,7,5,6,5,2,6,5,7,2,5,4.70,1.63,0
snood,4,4,4,NaN,3,4,3,1,NaN,NaN,2,1,5,NaN,6,7,7,3,6,3,3.94,1.88,0.2
sober,4,5,4,5,5,4,3,4,5,3,3,2,4,2,5,4,4,2,4,5,3.85,1.04,0
sociaal,5,5,5,5,5,6,5,6,5,4,6,6,6,4,5,6,5,3,5,6,5.15,0.81,0
soepel,3,4,2,1,2,1,5,3,4,6,6,3,5,4,5,4,4,6,4,4,3.80,1.51,0
somber,NaN,5,7,4,6,4,3,5,4,4,6,5,4,2,3,5,2,2,5,6,4.32,1.45,0.05
spannend,3,3,4,4,6,5,4,1,5,4,2,6,7,3,4,7,2,2,1,6,3.95,1.85,0
speciaal,2,3,3,1,6,4,6,1,3,6,2,1,5,3,4,3,2,4,5,2,3.30,1.66,0
specifiek,3,5,7,5,6,7,7,7,5,5,1,5,5,3,3,5,3,2,7,6,4.85,1.81,0
speels,5,4,1,4,4,5,4,6,6,4,1,5,3,5,5,6,6,3,5,4,4.30,1.45,0
spits,3,6,4,4,4,4,1,3,6,4,5,4,3,4,4,4,5,7,5,4,4.20,1.28,0
spoedig,4,5,3,1,4,3,5,3,4,5,5,2,5,5,5,5,4,4,4,5,4.05,1.15,0
spontaan,3,6,2,3,5,5,5,7,3,6,4,4,5,4,4,4,4,4,5,4,4.35,1.18,0
sporadisch,2,1,4,NaN,NaN,4,2,1,NaN,3,3,2,1,NaN,5,3,4,3,3,4,2.81,1.22,0.2
sportief,2,6,7,5,7,6,6,5,6,6,3,6,7,3,5,7,4,3,1,5,5.00,1.78,0
staatkundig,2,1,5,4,1,4,3,2,3,5,1,3,5,2,1,3,5,NaN,NaN,5,3.06,1.55,0.1
stabiel,6,6,5,5,5,7,3,2,5,4,6,5,4,2,5,3,5,2,3,5,4.40,1.47,0
standaard,2,4,4,1,5,2,5,3,4,4,4,1,5,2,3,3,3,1,3,3,3.10,1.29,0
standvastig,2,5,5,5,5,2,4,2,5,5,1,5,4,4,4,5,3,3,1,4,3.70,1.42,0
stapsgewijs,4,2,7,5,4,6,3,2,3,7,7,1,4,4,4,5,4,7,5,4,4.40,1.76,0
star,5,5,4,2,4,7,3,NaN,4,4,NaN,4,1,2,2,3,3,2,1,3,3.28,1.53,0.1
stedelijk,6,6,3,6,3,5,5,6,5,6,6,6,6,3,5,5,7,5,5,6,5.25,1.12,0
steil,5,5,7,5,6,5,3,5,6,6,7,5,4,6,4,3,6,6,7,5,5.30,1.17,0
stekelig,5,7,5,7,2,6,7,7,6,5,4,5,4,5,5,3,7,5,4,7,5.30,1.45,0
stellig,NaN,3,5,5,4,3,3,2,3,4,1,NaN,3,3,1,3,2,NaN,NaN,5,3.13,1.26,0.2
sterk,4,5,7,3,7,4,2,4,5,4,4,5,6,4,3,5,5,6,1,5,4.45,1.50,0
stevig,4,5,2,4,5,4,5,5,5,4,6,5,5,4,4,6,4,4,4,2,4.35,1.04,0
stijf,3,5,7,3,5,6,7,2,3,5,7,5,3,3,3,5,4,2,1,6,4.25,1.80,0
stijgend,5,5,3,3,6,6,6,4,7,6,5,3,5,5,5,5,5,7,5,7,5.15,1.23,0
stijlvol,5,5,5,5,4,4,4,4,4,3,4,5,3,5,5,4,6,5,4,6,4.50,0.83,0
stil,6,3,6,3,5,7,2,7,7,7,7,7,6,6,4,5,5,7,4,7,5.55,1.61,0
stipt,3,5,7,5,6,7,6,7,6,5,6,6,7,2,5,7,4,3,1,5,5.15,1.76,0
stoer,5,7,7,5,4,7,5,2,7,6,6,4,4,4,3,2,7,7,4,7,5.15,1.73,0
stokstijf,6,6,2,7,5,4,7,4,7,5,1,6,3,2,6,5,7,6,6,5,5.00,1.81,0
stokstil,6,6,NaN,4,6,7,7,7,5,5,4,6,2,4,3,6,5,1,1,6,4.79,1.90,0.05
stom,3,4,2,3,5,3,5,5,5,5,3,4,7,3,2,3,3,2,1,6,3.70,1.53,0
stomp,NaN,4,5,3,5,NaN,5,7,2,5,NaN,4,NaN,3,4,2,3,7,1,7,4.19,1.83,0.2
stormachtig,6,6,3,7,5,4,5,7,5,6,5,4,3,2,4,4,7,5,6,5,4.95,1.39,0
stout,5,5,3,3,6,2,3,4,4,4,1,5,3,2,3,7,2,2,1,5,3.50,1.64,0
strak,5,5,6,7,4,3,5,6,5,5,2,6,4,4,5,4,5,7,5,5,4.90,1.21,0
stralend,5,5,5,2,5,4,5,6,7,5,7,2,4,3,3,7,5,3,3,3,4.45,1.57,0
strategisch,4,4,7,5,4,5,4,7,6,4,4,3,7,5,5,3,5,4,5,4,4.75,1.21,0
streng,2,6,3,1,6,2,5,6,3,7,3,5,5,4,4,4,4,3,5,3,4.05,1.57,0
strikt,5,6,7,5,7,4,3,7,5,5,1,5,7,4,6,5,4,6,6,4,5.10,1.52,0
stroef,5,3,7,5,5,2,5,4,4,4,2,4,6,5,3,6,5,2,1,4,4.10,1.55,0
stug,5,5,NaN,5,4,2,3,5,5,3,NaN,1,4,3,2,NaN,NaN,4,2,3,3.50,1.32,0.2
stuk,NaN,6,2,4,7,7,7,5,5,6,7,5,3,4,3,2,6,6,1,7,4.89,1.94,0.05
stuurs,5,5,2,4,2,3,5,3,NaN,4,NaN,NaN,4,2,4,NaN,2,3,4,3,3.44,1.09,0.2
subjectief,7,7,5,6,3,7,3,4,3,3,3,4,3,3,2,6,2,2,3,6,4.10,1.77,0
subliem,3,7,3,4,4,5,2,2,5,4,4,2,2,1,3,2,2,4,3,4,3.30,1.42,0
substantieel,2,7,2,1,4,1,5,5,NaN,4,NaN,5,5,4,4,5,4,NaN,5,NaN,3.94,1.65,0.2
suède,7,7,NaN,3,2,1,NaN,3,NaN,7,7,5,7,NaN,5,7,7,NaN,7,5,5.33,2.13,0.25
superieur,4,4,1,1,4,2,6,7,4,5,2,3,5,4,4,6,5,3,6,3,3.95,1.67,0
syntactisch,1,NaN,NaN,6,1,NaN,2,NaN,NaN,NaN,NaN,4,NaN,3,4,2,3,2,7,5,3.33,1.92,0.4
taai,3,6,7,3,4,7,4,2,5,6,7,6,6,4,4,3,6,5,5,5,4.90,1.48,0
talrijk,6,1,4,6,5,5,3,6,4,4,2,4,3,1,1,2,2,5,3,6,3.65,1.76,0
tam,3,6,6,3,4,7,3,3,6,5,6,3,2,6,2,6,4,7,4,5,4.55,1.64,0
technisch,6,5,7,6,5,5,5,7,5,5,3,6,4,2,4,5,6,5,4,6,5.05,1.23,0
teder,4,3,6,5,4,3,4,2,7,5,7,5,4,5,3,3,6,5,4,4,4.45,1.36,0
teer,2,5,2,1,4,2,5,4,3,2,3,7,5,5,5,4,3,4,6,2,3.70,1.59,0
tegengesteld,6,3,6,3,5,7,7,4,6,7,7,2,4,6,4,7,2,6,4,5,5.05,1.70,0
tenger,4,3,4,6,4,4,5,2,6,7,6,6,6,NaN,5,6,7,7,4,5,5.11,1.41,0.05
tevreden,3,5,2,1,1,3,5,7,3,6,3,4,5,4,4,5,2,5,5,4,3.85,1.60,0
theologisch,5,2,2,6,4,3,6,2,5,5,4,6,4,7,4,5,5,1,5,4,4.25,1.59,0
toegewijd,6,6,7,4,4,2,5,5,4,4,3,4,6,5,3,4,5,3,3,5,4.40,1.27,0
toekomstig,4,3,2,4,6,7,3,2,4,4,2,3,3,2,3,7,6,2,1,5,3.65,1.76,0
toenmalig,6,5,2,1,1,3,6,3,5,4,7,6,5,4,6,6,5,7,6,2,4.50,1.91,0
toevallig,4,5,3,1,1,5,6,7,4,1,2,2,5,6,6,1,4,7,6,1,3.85,2.18,0
totaal,3,6,3,1,1,1,7,1,6,7,6,4,5,6,5,6,5,7,3,7,4.50,2.21,0
traag,6,6,4,4,5,2,5,5,6,4,3,5,3,3,1,5,6,6,1,4,4.20,1.61,0
traditioneel,2,6,7,5,7,6,4,1,6,6,7,4,4,4,5,2,5,4,1,6,4.60,1.90,0
treurig,4,6,6,6,4,3,5,2,5,7,7,7,6,6,4,7,6,5,5,5,5.30,1.38,0
triest,3,5,6,2,5,3,5,7,4,6,6,5,5,4,4,4,2,4,5,5,4.50,1.32,0
troebel,2,4,3,1,5,2,5,5,4,5,4,3,5,4,6,6,5,5,5,2,4.05,1.43,0
tropisch,6,6,4,6,3,2,6,4,6,4,7,2,5,4,4,3,4,5,5,6,4.60,1.43,0
trots,2,7,6,5,4,4,6,2,7,6,7,2,6,5,4,6,6,7,6,7,5.25,1.71,0
trouw,4,2,6,4,4,4,5,7,6,6,7,7,6,5,6,7,7,4,6,4,5.35,1.42,0
tuttig,5,2,5,6,4,1,6,2,3,6,5,6,4,4,1,6,7,7,5,5,4.50,1.85,0
tweede,3,7,7,7,7,3,7,7,5,7,7,7,7,6,7,7,6,7,6,7,6.35,1.27,0
tweedehands,7,7,5,7,7,5,7,3,5,7,4,7,7,1,6,5,3,6,6,7,5.60,1.73,0
twijfelachtig,7,6,5,5,5,6,2,3,5,5,3,3,2,1,1,2,4,4,4,4,3.85,1.69,0
typisch,2,5,4,1,4,4,6,7,4,4,5,1,5,3,4,7,4,3,5,1,3.95,1.76,0
uitbundig,2,5,3,1,4,3,5,7,3,6,4,4,5,4,5,2,4,5,6,4,4.10,1.48,0
uiterlijk,1,6,3,6,7,5,6,4,5,4,7,5,7,4,6,6,5,7,4,1,4.95,1.79,0
uitgestrekt,4,6,7,4,4,6,6,7,5,3,3,3,7,3,4,4,3,2,1,2,4.20,1.79,0
uitsluitend,3,7,6,1,3,3,5,4,6,6,6,4,5,5,4,2,2,7,7,7,4.65,1.87,0
uitstekend,4,7,5,4,4,2,1,5,5,4,3,3,4,4,4,4,5,3,2,6,3.95,1.39,0
uitvoerig,2,5,4,1,4,2,5,4,4,5,3,5,5,5,4,2,3,6,6,4,3.95,1.39,0
uitzonderlijk,7,6,5,4,4,6,1,4,6,4,3,2,2,1,1,2,5,7,3,3,3.80,1.96,0
uniek,5,6,6,3,4,5,5,7,7,4,7,5,4,7,3,6,5,7,4,7,5.35,1.39,0
universeel,2,7,5,4,7,6,6,4,3,7,2,5,2,3,6,2,7,3,5,6,4.60,1.88,0
urenlang,5,6,7,5,5,7,7,5,5,3,1,6,1,2,3,6,3,4,5,6,4.60,1.88,0
vaag,2,2,1,6,4,1,1,3,3,3,NaN,5,3,1,2,5,2,3,2,4,2.79,1.47,0.05
vaal,NaN,2,NaN,NaN,4,1,2,2,2,NaN,5,4,5,NaN,2,3,7,NaN,NaN,5,3.38,1.76,0.35
vaderlands,5,5,6,6,6,4,5,2,6,6,7,6,6,2,6,7,1,7,6,3,5.10,1.77,0
vals,4,4,2,1,4,4,5,7,3,5,2,3,5,4,4,6,2,3,4,3,3.75,1.45,0
vast,3,5,2,1,4,2,5,3,5,5,7,4,5,5,4,6,2,4,3,3,3.90,1.52,0
veel,7,1,5,1,3,5,2,5,6,5,1,2,1,1,1,2,2,5,2,1,2.90,2.02,0
veeleisend,5,5,4,4,5,4,4,6,7,5,3,5,5,5,5,4,7,3,5,4,4.75,1.07,0
veilig,5,4,5,4,5,7,4,7,5,4,5,4,3,4,4,6,5,2,4,5,4.60,1.19,0
venijnig,3,3,7,5,4,5,6,3,5,7,5,6,4,5,3,4,7,5,4,5,4.80,1.32,0
ver,3,2,4,2,4,5,3,3,6,4,7,3,2,6,3,4,5,7,4,4,4.05,1.54,0
verantwoordelijk,5,5,6,1,7,4,5,7,4,5,6,3,5,5,5,5,4,6,3,4,4.75,1.41,0
verbluffend,5,6,5,5,5,4,2,3,4,4,2,2,3,1,3,2,2,3,3,4,3.40,1.35,0
verborgen,5,4,1,3,5,4,6,2,5,4,6,5,4,3,2,6,4,5,1,5,4.00,1.56,0
verder,4,4,5,1,4,6,2,7,7,2,2,3,1,1,1,5,1,5,1,6,3.40,2.16,0
verdragend,5,3,7,5,4,7,5,2,5,5,7,3,3,5,2,7,6,5,5,4,4.75,1.59,0
verdrietig,4,5,7,3,7,2,4,1,5,4,6,6,7,2,3,5,3,3,1,6,4.20,1.94,0
verenigd,3,5,7,4,6,2,3,4,4,5,5,3,5,4,5,2,6,4,1,6,4.20,1.54,0
verfijnd,6,7,4,4,3,4,6,3,5,3,4,5,3,3,4,3,3,7,3,5,4.25,1.37,0
vergeefs,2,6,5,1,5,3,5,7,4,4,5,2,5,4,5,1,2,5,5,7,4.15,1.79,0
vergelijkbaar,4,4,6,4,3,5,4,3,7,4,7,5,4,2,6,5,4,7,6,3,4.65,1.46,0
verheugd,NaN,6,7,3,4,3,6,5,3,3,6,5,2,3,4,4,5,3,1,5,4.11,1.56,0.05
verkeerd,3,5,5,1,7,3,6,7,5,6,3,2,5,4,4,6,4,5,6,3,4.50,1.64,0
verkouden,4,7,7,7,4,7,7,7,7,7,7,7,6,6,5,7,7,7,6,7,6.45,1.00,0
verlegen,6,5,7,4,6,5,5,4,4,4,3,5,7,3,4,7,2,2,1,5,4.45,1.70,0
verlicht,3,3,2,4,4,4,6,6,6,6,4,1,3,1,2,4,5,5,2,6,3.85,1.69,0
vermaard,3,4,4,1,1,2,NaN,6,NaN,NaN,NaN,NaN,5,NaN,4,NaN,NaN,NaN,4,3,3.36,1.57,0.45
verminderd,6,6,5,3,5,3,2,2,7,1,3,2,2,2,1,4,1,1,1,7,3.20,2.09,0
vermoeiend,7,7,6,5,4,7,3,7,5,5,2,4,5,2,3,5,6,5,3,5,4.80,1.61,0
verrast,5,6,6,4,4,4,7,2,7,5,7,6,4,4,3,5,5,7,5,4,5.00,1.41,0
verrot,6,6,3,6,3,4,6,3,5,6,1,5,3,5,5,6,7,7,5,3,4.75,1.62,0
vers,6,6,6,6,5,4,3,5,5,6,7,5,2,3,5,5,7,7,5,5,5.15,1.35,0
verschillend,5,3,7,4,7,7,6,2,4,5,3,4,6,4,3,3,4,2,1,2,4.10,1.80,0
verschrikkelijk,6,3,5,4,3,5,2,3,7,3,2,5,3,3,6,2,2,3,4,5,3.80,1.51,0
versleten,4,6,7,6,4,7,3,5,7,7,7,3,4,6,2,4,7,6,4,5,5.20,1.61,0
verspreid,4,5,7,5,5,3,6,2,3,5,1,5,5,4,4,2,3,2,1,4,3.80,1.64,0
verstaanbaar,5,7,7,5,1,7,6,2,7,7,7,7,4,6,5,5,7,7,5,4,5.55,1.76,0
verstandig,2,4,1,1,6,4,5,7,5,5,4,3,5,4,4,5,2,2,3,6,3.90,1.68,0
vertrouwd,4,5,6,6,4,3,5,2,7,6,7,6,4,4,5,6,6,6,5,5,5.10,1.29,0
vertrouwelijk,4,4,6,6,5,5,4,4,4,6,5,5,4,3,3,5,4,6,3,7,4.65,1.14,0
vervelend,4,4,7,4,6,4,4,2,4,5,1,6,4,3,4,6,3,2,1,4,3.90,1.62,0
verwant,7,7,6,7,5,6,4,3,7,2,NaN,4,7,1,3,5,3,4,3,6,4.74,1.91,0.05
verward,5,6,6,5,4,4,3,3,6,7,7,7,4,4,3,5,5,5,4,4,4.85,1.31,0
verwonderd,4,2,7,6,4,4,4,2,6,6,7,2,4,6,2,6,6,6,5,7,4.80,1.77,0
verwonderlijk,4,3,5,6,4,3,6,3,6,4,7,6,4,4,3,5,5,5,5,4,4.60,1.19,0
verzorgd,6,7,4,5,5,5,3,2,7,5,6,5,5,2,5,5,4,7,5,5,4.90,1.41,0
vet,5,5,1,7,5,1,2,3,7,7,4,3,2,3,1,4,2,7,1,3,3.65,2.16,0
vettig,4,5,7,4,7,5,6,4,5,5,3,5,6,6,1,4,4,3,1,6,4.55,1.67,0
vierde,6,7,7,7,7,3,7,7,7,7,7,7,7,6,7,7,7,4,7,7,6.55,1.10,0
vierkant,5,7,2,5,7,7,7,7,7,7,7,5,7,7,6,5,7,7,7,7,6.30,1.30,0
vies,4,6,7,3,4,7,3,4,7,6,7,3,5,5,4,4,7,7,5,7,5.25,1.55,0
vijfde,6,7,7,7,7,6,7,7,5,7,7,7,7,6,7,7,6,7,6,7,6.65,0.59,0
vinnig,5,3,6,6,4,3,2,2,4,6,5,3,4,3,3,4,4,5,5,5,4.10,1.25,0
violet,7,7,4,7,6,6,6,7,5,3,7,6,7,6,5,6,7,5,7,6,6.00,1.12,0
visueel,4,3,6,4,5,4,4,3,6,6,5,6,5,5,2,5,4,6,4,5,4.60,1.14,0
vitaal,3,6,4,2,3,3,6,3,6,6,7,3,5,4,4,4,4,4,4,NaN,4.26,1.37,0.05
vlak,3,6,6,1,3,2,3,2,6,7,4,5,5,5,5,5,5,6,4,4,4.35,1.60,0
vlot,4,4,5,1,2,4,5,2,3,4,5,2,5,5,5,6,3,2,5,3,3.75,1.41,0
vluchtig,3,6,6,3,4,5,2,2,7,5,7,1,4,4,3,3,5,7,5,4,4.30,1.75,0
vlug,2,6,3,3,3,3,5,4,3,6,5,3,5,4,4,6,4,5,6,5,4.25,1.25,0
vochtig,5,6,5,4,4,6,6,4,5,7,7,6,5,5,6,5,5,7,6,7,5.55,1.00,0
vol,3,3,2,6,6,2,5,3,3,6,3,4,6,2,5,5,6,7,5,6,4.40,1.64,0
voldoend,4,2,7,3,4,2,6,2,4,3,5,2,3,4,2,2,1,2,3,5,3.30,1.56,0
voldoende,4,6,5,4,5,4,1,3,3,3,3,2,3,1,3,2,3,1,2,4,3.10,1.37,0
volkomen,3,4,7,4,4,1,7,2,2,3,1,3,5,3,2,1,3,2,1,6,3.20,1.88,0
volks,NaN,4,7,5,6,1,4,2,7,5,5,5,3,5,2,4,3,3,1,3,3.95,1.78,0.05
volledig,5,7,6,2,7,7,7,5,7,7,7,1,5,6,6,4,5,7,4,4,5.45,1.76,0
voluptueus,2,7,4,NaN,NaN,5,4,7,1,4,NaN,2,3,NaN,4,4,5,NaN,4,5,4.07,1.67,0.25
volwassen,5,5,5,1,3,4,5,2,5,7,1,3,5,4,5,7,5,1,3,7,4.15,1.90,0
voorafgaand,4,6,2,1,4,2,5,7,4,3,6,7,5,4,2,2,6,5,7,7,4.45,1.96,0
voorbereid,4,6,5,3,6,3,7,4,5,6,6,3,5,4,4,6,3,6,4,3,4.65,1.31,0
voorbij,5,5,4,7,7,6,2,4,7,3,2,1,1,1,5,6,3,5,5,3,4.10,2.02,0
voormalig,5,3,7,3,4,7,5,2,4,4,4,3,4,5,3,5,2,1,4,5,4.00,1.52,0
voorst,NaN,1,NaN,4,NaN,5,5,2,2,NaN,NaN,2,5,2,1,5,NaN,NaN,NaN,4,3.17,1.64,0.4
voortreffelijk,2,4,7,3,6,2,5,5,5,4,1,6,1,2,2,2,3,1,1,5,3.35,1.93,0
voorzichtig,5,5,7,4,4,5,3,6,5,3,5,4,5,5,4,6,5,4,4,3,4.60,1.05,0
vorig,5,7,4,1,4,3,6,7,7,3,6,7,5,4,4,NaN,6,1,6,7,4.89,1.94,0.05
vredig,4,4,6,4,4,6,4,1,6,4,3,5,6,2,3,6,3,3,3,4,4.05,1.43,0
vreemd,1,4,2,1,4,2,5,7,3,2,2,1,5,3,4,4,1,4,5,1,3.05,1.73,0
vriendelijk,6,6,3,5,5,6,3,7,6,5,7,5,3,5,3,6,6,3,3,4,4.85,1.42,0
vrij,5,5,6,3,5,2,3,1,7,6,1,3,2,4,3,2,5,3,1,2,3.45,1.82,0
vrijmoedig,3,4,7,3,4,4,3,4,3,4,2,3,1,3,3,4,3,3,1,3,3.25,1.25,0
vroeg,6,6,5,4,4,4,3,7,6,6,3,5,3,1,2,5,2,4,2,4,4.10,1.65,0
vroeger,4,5,7,4,7,3,6,5,5,4,2,3,1,2,3,6,7,5,1,5,4.25,1.89,0
vrolijk,5,6,7,6,4,7,3,2,7,7,7,6,6,6,3,6,6,7,6,7,5.70,1.53,0
vroom,5,4,6,4,3,7,5,2,3,4,4,4,4,2,5,4,4,3,5,4,4.10,1.21,0
vrouwelijk,7,7,3,5,5,4,3,7,6,5,5,5,4,5,6,5,7,4,7,6,5.30,1.30,0
vuil,5,2,7,6,4,7,7,3,7,7,7,7,5,6,4,6,7,7,6,7,5.85,1.53,0
vurig,NaN,6,7,4,3,5,7,5,4,7,2,5,6,5,5,3,3,3,1,5,4.53,1.71,0.05
waar,6,6,2,4,5,1,5,5,5,7,7,1,4,5,2,5,1,4,2,7,4.20,2.04,0
waarachtig,NaN,5,NaN,4,3,NaN,6,1,3,4,3,3,2,2,3,2,3,2,1,4,3.00,1.32,0.15
waard,4,4,7,4,4,2,3,5,5,7,6,5,3,4,5,5,1,7,5,4,4.50,1.57,0
waardeloos,5,1,5,5,5,7,3,3,5,3,2,2,1,4,4,2,2,4,3,5,3.55,1.61,0
waardevol,5,6,6,5,6,4,3,3,4,3,2,4,4,3,4,4,3,4,4,4,4.05,1.10,0
waarschijnlijk,7,6,5,4,3,2,2,2,6,3,4,3,2,1,2,2,1,5,4,5,3.45,1.76,0
wagenwijd,2,5,7,4,4,2,6,2,7,5,NaN,4,2,3,1,2,3,1,1,5,3.47,1.95,0.05
wakker,6,6,6,6,7,6,7,5,7,5,2,5,7,2,4,4,2,6,4,7,5.20,1.70,0
walgelijk,4,5,7,6,3,7,5,5,7,7,6,5,5,6,2,4,6,7,3,5,5.25,1.48,0
warm,3,6,7,5,4,7,6,3,6,7,7,5,5,6,4,7,6,7,6,7,5.70,1.34,0
waterig,7,7,4,7,4,5,5,7,7,5,3,3,4,2,1,2,7,4,3,6,4.65,1.95,0
wazig,5,4,7,4,4,3,6,1,5,3,4,5,3,2,3,3,3,3,1,6,3.75,1.59,0
weids,NaN,2,4,2,4,3,4,3,NaN,4,5,2,4,2,3,4,NaN,NaN,NaN,4,3.33,0.98,0.25
weinig,5,1,5,4,4,4,3,6,5,4,4,2,2,1,3,2,2,5,2,4,3.40,1.47,0
wekenlang,4,3,5,6,4,1,5,7,7,7,7,4,4,5,2,7,5,7,5,5,5.00,1.75,0
welingelicht,NaN,5,7,3,5,6,6,5,5,4,7,5,5,2,3,1,3,2,1,4,4.16,1.83,0.05
welkom,2,5,7,5,7,7,5,4,6,2,1,5,2,2,2,3,5,2,1,6,3.95,2.09,0
welluidend,2,3,2,6,4,1,5,2,2,4,5,6,4,3,4,2,5,2,4,4,3.50,1.47,0
wenselijk,5,4,2,4,4,3,4,6,4,5,3,4,4,3,3,5,4,5,3,3,3.90,0.97,0
werkelijk,2,4,7,6,4,6,6,5,5,5,1,3,7,2,4,5,4,2,1,6,4.25,1.89,0
westelijk,3,3,5,7,5,1,5,2,5,7,5,3,4,6,4,6,6,7,7,7,4.90,1.80,0
wetenschappelijk,7,7,5,7,7,4,6,6,7,5,7,5,6,3,6,6,3,4,6,5,5.60,1.31,0
wijd,2,6,6,3,4,6,3,2,6,4,5,3,5,3,5,4,5,5,4,4,4.25,1.29,0
wijs,3,5,7,3,4,6,4,3,6,7,5,3,4,6,3,5,7,7,3,5,4.80,1.54,0
wild,3,3,7,3,4,7,5,2,7,7,7,5,6,6,3,7,5,5,6,5,5.15,1.66,0
winderig,5,3,3,7,1,5,5,2,6,6,5,6,2,4,6,6,6,4,4,5,4.55,1.64,0
winters,6,1,3,6,5,3,4,6,6,6,6,2,3,2,6,5,7,1,6,6,4.50,1.93,0
wiskundig,5,2,7,2,4,7,2,4,6,6,7,7,5,6,5,5,1,7,6,7,5.05,1.96,0
wisselvallig,3,2,4,4,4,5,4,2,5,6,3,4,2,2,4,4,6,2,4,4,3.70,1.26,0
wit,7,7,6,7,7,7,7,7,7,7,7,7,7,7,7,7,1,7,7,7,6.65,1.35,0
witheet,4,4,2,7,3,3,6,1,NaN,4,1,NaN,3,1,7,NaN,6,3,7,5,3.94,2.11,0.15
woedend,5,6,7,2,7,2,6,5,5,6,4,6,7,4,3,6,4,3,5,6,4.95,1.57,0
woest,2,6,5,3,6,5,5,7,4,7,6,2,5,4,5,5,3,3,6,5,4.70,1.49,0
wollig,6,5,4,5,3,6,7,5,4,6,5,5,2,2,5,5,7,2,5,7,4.80,1.58,0
wrang,2,5,2,1,1,3,5,5,NaN,5,NaN,NaN,5,4,4,3,2,5,3,3,3.41,1.46,0.15
wreed,4,3,7,3,3,7,7,2,6,6,6,4,4,6,3,4,6,5,4,5,4.75,1.55,0
zacht,6,7,3,4,6,6,5,5,6,5,5,3,3,2,2,7,3,6,2,5,4.55,1.67,0
zat,5,5,7,3,7,6,5,5,6,6,7,6,7,5,5,7,3,2,1,6,5.20,1.74,0
zedelijk,3,5,6,4,6,NaN,6,1,4,2,5,5,1,3,3,5,3,2,5,5,3.89,1.63,0.05
zedig,3,4,7,5,4,7,6,5,4,4,7,4,1,4,3,6,3,3,1,4,4.25,1.74,0
zeer,5,5,3,4,5,2,2,7,5,2,3,2,5,1,2,7,1,4,2,3,3.50,1.82,0
zeker,2,4,7,3,5,1,6,2,4,5,1,4,2,4,3,2,4,3,1,6,3.45,1.76,0
zeldzaam,6,6,4,5,5,7,3,6,5,3,3,7,3,5,5,6,6,5,5,6,5.05,1.28,0
zelfstandig,7,3,5,5,5,6,2,4,5,4,3,4,5,4,5,4,3,2,5,6,4.35,1.31,0
zelfverzekerd,4,4,2,5,6,7,4,7,6,6,3,7,5,5,4,4,4,3,4,4,4.70,1.42,0
zenuwachtig,6,7,5,5,6,3,2,4,5,4,2,4,3,4,4,4,5,3,4,5,4.25,1.29,0
zesde,6,7,7,7,7,6,7,7,5,7,7,7,7,6,7,7,6,7,6,7,6.65,0.59,0
zevende,4,7,7,5,7,7,7,7,7,6,5,6,1,4,1,6,7,7,1,7,5.45,2.16,0
zichtbaar,2,6,6,2,5,4,5,7,6,7,7,5,5,4,6,6,5,7,6,6,5.35,1.46,0
ziek,7,6,7,3,7,2,7,4,6,6,1,6,7,3,4,6,7,3,1,4,4.85,2.11,0
ziekelijk,3,5,7,3,4,4,4,1,5,4,2,5,5,2,5,4,3,1,1,3,3.55,1.61,0
zielig,5,3,5,6,4,4,6,3,6,6,7,2,4,6,4,2,7,7,5,4,4.80,1.58,0
zilver,7,7,3,7,5,7,7,7,7,6,7,6,5,6,4,5,7,2,6,7,5.90,1.48,0
zilveren,5,6,6,5,7,7,7,7,7,7,7,7,7,6,5,6,6,7,7,7,6.45,0.76,0
zindelijk,4,6,7,5,5,7,4,5,4,4,7,4,1,5,5,2,6,2,5,5,4.65,1.63,0
zinloos,5,5,4,1,3,3,5,4,4,2,1,1,5,5,5,6,6,6,7,2,4.00,1.84,0
zoet,4,6,4,1,4,4,5,5,5,7,6,6,5,4,4,6,2,6,5,5,4.70,1.42,0
zomers,7,5,4,5,3,3,4,6,6,6,7,2,5,2,6,5,7,2,6,6,4.85,1.69,0
zondig,3,4,2,1,4,1,5,1,3,5,3,3,5,4,3,3,3,5,3,1,3.10,1.37,0
zonneklaar,4,4,2,NaN,NaN,5,2,1,NaN,5,4,NaN,4,2,4,5,6,2,4,NaN,3.60,1.45,0.25
zonnig,3,2,7,5,7,6,6,7,6,6,7,6,3,4,3,7,6,3,1,6,5.05,1.90,0
zorgzaam,5,5,3,1,4,5,5,7,3,6,4,4,5,4,3,3,4,6,5,5,4.35,1.35,0
zout,7,7,5,6,6,3,4,7,6,7,4,7,7,3,7,4,7,7,7,6,5.85,1.46,0
zuidelijk,2,2,5,7,6,5,4,7,6,6,3,6,7,2,4,7,4,6,4,7,5.00,1.78,0
zuinig,NaN,5,7,5,7,2,3,1,4,4,4,6,6,3,4,6,2,2,1,5,4.05,1.90,0.05
zuiver,2,6,3,1,4,1,5,2,3,6,6,6,5,4,5,5,3,4,4,1,3.80,1.74,0
zuur,2,5,2,2,2,2,5,3,5,7,6,4,5,5,3,6,5,4,4,3,4.00,1.56,0
zwaar,1,7,7,2,1,7,2,4,7,7,7,2,4,3,5,6,7,7,5,5,4.80,2.26,0
zwak,4,4,2,4,3,7,4,7,3,4,3,5,5,4,4,5,1,1,4,4,3.90,1.55,0
zwanger,7,7,7,6,7,7,7,7,7,7,7,5,6,6,6,7,7,7,5,7,6.60,0.68,0
zwart,2,2,3,7,7,7,5,7,7,7,2,7,7,2,7,7,7,7,7,7,5.70,2.13,0
zwijgzaam,3,4,5,2,2,6,6,5,4,6,5,6,5,4,3,5,4,7,4,2,4.40,1.47,0
zwoel,7,4,4,5,2,4,4,1,4,4,2,4,1,4,3,5,5,2,5,3,3.65,1.50,0